{
	"credit": "By Yassou, mail : yassou.pro.mc@gmail.com",
	"texture_size": [128, 128],
	"textures": {
		"0": "lootcrat_plus:rare/diamond_box",
		"particle": "lootcrat_plus:rare/diamond_box"
	},
	"elements": [
		{
			"from": [-2, 0, 2],
			"to": [18, 15, 14],
			"faces": {
				"north": {"uv": [3, 3.75, 5.5, 5.625], "texture": "#0"},
				"east": {"uv": [0, 5.875, 1.5, 7.75], "texture": "#0"},
				"south": {"uv": [0, 4, 2.5, 5.875], "texture": "#0"},
				"west": {"uv": [5.5, 6, 7, 7.875], "texture": "#0"},
				"up": {"uv": [8, 4.5, 5.5, 3], "texture": "#0"},
				"down": {"uv": [8, 4.5, 5.5, 6], "texture": "#0"}
			}
		},
		{
			"from": [3, 14.4, 2],
			"to": [13, 19.4, 14],
			"faces": {
				"north": {"uv": [0.625, 4, 1.875, 4.625], "texture": "#0"},
				"east": {"uv": [0, 5.875, 1.5, 6.5], "texture": "#0"},
				"south": {"uv": [0.625, 4, 1.875, 4.625], "texture": "#0"},
				"west": {"uv": [5.5, 6, 7, 6.625], "texture": "#0"},
				"up": {"uv": [7.375, 4.5, 6.125, 3], "texture": "#0"},
				"down": {"uv": [6.75, 4.5, 5.5, 6], "texture": "#0"}
			}
		},
		{
			"from": [-2, 0, 13.8],
			"to": [18, 2.8, 14.8],
			"faces": {
				"north": {"uv": [3, 3.75, 5.5, 4], "texture": "#0"},
				"east": {"uv": [0, 5.875, 0.125, 6.125], "texture": "#0"},
				"south": {"uv": [0, 5.5, 2.5, 5.875], "texture": "#0"},
				"west": {"uv": [5.5, 6, 5.625, 6.25], "texture": "#0"},
				"up": {"uv": [5.5, 3.5, 3, 3.375], "texture": "#0"},
				"down": {"uv": [8, 4.5, 5.5, 4.625], "texture": "#0"}
			}
		},
		{
			"from": [-2, 0, 1.2],
			"to": [18, 2.8, 2.2],
			"rotation": {"angle": 0, "axis": "y", "origin": [0, 0, 16]},
			"faces": {
				"north": {"uv": [2.5, 5.5, 0, 5.875], "texture": "#0"},
				"east": {"uv": [0.125, 5.875, 0, 6.125], "texture": "#0"},
				"south": {"uv": [5.5, 3.75, 3, 4], "texture": "#0"},
				"west": {"uv": [5.625, 6, 5.5, 6.25], "texture": "#0"},
				"up": {"uv": [5.5, 3.375, 3, 3.5], "texture": "#0"},
				"down": {"uv": [8, 4.625, 5.5, 4.5], "texture": "#0"}
			}
		},
		{
			"from": [17.5, 0, 2.7],
			"to": [18.5, 2.8, 13.7],
			"rotation": {"angle": 0, "axis": "y", "origin": [22, 1.4, 1.7]},
			"faces": {
				"north": {"uv": [5.625, 6, 5.5, 6.35], "texture": "#0"},
				"east": {"uv": [1.875, 5.5, 0.5, 5.85], "texture": "#0"},
				"south": {"uv": [0.125, 5.875, 0, 6.125], "texture": "#0"},
				"west": {"uv": [5.5, 3.75, 3, 4], "texture": "#0"},
				"up": {"uv": [5.5, 3.375, 3, 3.5], "rotation": 90, "texture": "#0"},
				"down": {"uv": [8, 4.625, 5.5, 4.5], "rotation": 270, "texture": "#0"}
			}
		},
		{
			"from": [-2.5, 0, 2.7],
			"to": [-1.5, 2.8, 13.7],
			"rotation": {"angle": 0, "axis": "y", "origin": [-6, 1.4, 1.7]},
			"faces": {
				"north": {"uv": [5.5, 6, 5.625, 6.35], "texture": "#0"},
				"east": {"uv": [3, 3.75, 5.5, 4], "texture": "#0"},
				"south": {"uv": [0, 5.875, 0.125, 6.125], "texture": "#0"},
				"west": {"uv": [0.5, 5.5, 1.875, 5.85], "texture": "#0"},
				"up": {"uv": [5.5, 3.5, 3, 3.375], "rotation": 90, "texture": "#0"},
				"down": {"uv": [8, 4.5, 5.5, 4.625], "rotation": 270, "texture": "#0"}
			}
		},
		{
			"from": [17.2, 10.3, 2],
			"to": [19.2, 15.3, 14],
			"rotation": {"angle": 22.5, "axis": "z", "origin": [18.5, 12.5, 8]},
			"faces": {
				"north": {"uv": [3, 3.75, 3.25, 4.375], "texture": "#0"},
				"east": {"uv": [0, 5.875, 1.5, 6.5], "texture": "#0"},
				"south": {"uv": [0, 4, 0.25, 4.625], "texture": "#0"},
				"west": {"uv": [5.5, 6, 7, 6.625], "texture": "#0"},
				"up": {"uv": [5.75, 4.5, 5.5, 3], "texture": "#0"},
				"down": {"uv": [5.75, 4.5, 5.5, 6], "texture": "#0"}
			}
		},
		{
			"from": [14.2, 16, 2.1],
			"to": [16.2, 21, 13.9],
			"rotation": {"angle": 22.5, "axis": "z", "origin": [18.5, 12.5, 8]},
			"faces": {
				"north": {"uv": [3, 3.75, 3.25, 4.375], "texture": "#0"},
				"east": {"uv": [0, 5.875, 1.5, 6.5], "texture": "#0"},
				"south": {"uv": [0, 4, 0.25, 4.625], "texture": "#0"},
				"west": {"uv": [5.5, 6, 7, 6.625], "texture": "#0"},
				"up": {"uv": [5.75, 4.5, 5.5, 3], "texture": "#0"},
				"down": {"uv": [5.75, 4.5, 5.5, 6], "texture": "#0"}
			}
		},
		{
			"from": [-0.2, 16, 2.1],
			"to": [1.8, 21, 13.9],
			"rotation": {"angle": -22.5, "axis": "z", "origin": [-2.5, 12.5, 8]},
			"faces": {
				"north": {"uv": [3.25, 3.75, 3, 4.375], "texture": "#0"},
				"east": {"uv": [7, 6, 5.5, 6.625], "texture": "#0"},
				"south": {"uv": [0.25, 4, 0, 4.625], "texture": "#0"},
				"west": {"uv": [1.5, 5.875, 0, 6.5], "texture": "#0"},
				"up": {"uv": [5.5, 4.5, 5.75, 3], "texture": "#0"},
				"down": {"uv": [5.5, 4.5, 5.75, 6], "texture": "#0"}
			}
		},
		{
			"from": [-3.2, 10.3, 2],
			"to": [-1.2, 15.3, 14],
			"rotation": {"angle": -22.5, "axis": "z", "origin": [-2.5, 12.5, 8]},
			"faces": {
				"north": {"uv": [3.25, 3.75, 3, 4.375], "texture": "#0"},
				"east": {"uv": [7, 6, 5.5, 6.625], "texture": "#0"},
				"south": {"uv": [0.25, 4, 0, 4.625], "texture": "#0"},
				"west": {"uv": [1.5, 5.875, 0, 6.5], "texture": "#0"},
				"up": {"uv": [5.5, 4.5, 5.75, 3], "texture": "#0"},
				"down": {"uv": [5.5, 4.5, 5.75, 6], "texture": "#0"}
			}
		},
		{
			"from": [17.30803, 10.86236, 13.3],
			"to": [19.30803, 15.26236, 15.3],
			"rotation": {"angle": 0, "axis": "z", "origin": [18.10803, 13.36236, 14.5]},
			"faces": {
				"north": {"uv": [0, 5.875, 0.25, 6.425], "texture": "#0"},
				"east": {"uv": [0, 5.875, 0.25, 6.425], "texture": "#0"},
				"south": {"uv": [0, 5.875, 0.25, 6.425], "texture": "#0"},
				"west": {"uv": [0, 5.875, 0.25, 6.425], "texture": "#0"},
				"up": {"uv": [5.75, 4.5, 5.5, 3], "texture": "#0"},
				"down": {"uv": [5.75, 4.5, 5.5, 6], "texture": "#0"}
			}
		},
		{
			"from": [17.80803, 12.86236, 13.8],
			"to": [18.80803, 17.26236, 14.8],
			"rotation": {"angle": 0, "axis": "z", "origin": [18.10803, 13.36236, 14.5]},
			"faces": {
				"north": {"uv": [0, 5.875, 0.125, 6.425], "texture": "#0"},
				"east": {"uv": [0, 5.875, 0.125, 6.425], "texture": "#0"},
				"south": {"uv": [0, 5.875, 0.125, 6.425], "texture": "#0"},
				"west": {"uv": [0, 5.875, 0.125, 6.425], "texture": "#0"},
				"up": {"uv": [5.625, 3.125, 5.5, 3], "texture": "#0"},
				"down": {"uv": [5.625, 4.5, 5.5, 4.625], "texture": "#0"}
			}
		},
		{
			"from": [17.80803, 12.86236, 1.8],
			"to": [18.80803, 17.26236, 2.8],
			"rotation": {"angle": 0, "axis": "z", "origin": [18.10803, 13.36236, 14.5]},
			"faces": {
				"north": {"uv": [0, 5.875, 0.125, 6.425], "texture": "#0"},
				"east": {"uv": [0, 5.875, 0.125, 6.425], "texture": "#0"},
				"south": {"uv": [0, 5.875, 0.125, 6.425], "texture": "#0"},
				"west": {"uv": [0, 5.875, 0.125, 6.425], "texture": "#0"},
				"up": {"uv": [5.625, 3.125, 5.5, 3], "texture": "#0"},
				"down": {"uv": [5.625, 4.5, 5.5, 4.625], "texture": "#0"}
			}
		},
		{
			"from": [-2.89197, 12.86236, 1.8],
			"to": [-1.89197, 17.26236, 2.8],
			"rotation": {"angle": 0, "axis": "z", "origin": [18.10803, 13.36236, 14.5]},
			"faces": {
				"north": {"uv": [0, 5.875, 0.125, 6.425], "texture": "#0"},
				"east": {"uv": [0, 5.875, 0.125, 6.425], "texture": "#0"},
				"south": {"uv": [0, 5.875, 0.125, 6.425], "texture": "#0"},
				"west": {"uv": [0, 5.875, 0.125, 6.425], "texture": "#0"},
				"up": {"uv": [5.625, 3.125, 5.5, 3], "texture": "#0"},
				"down": {"uv": [5.625, 4.5, 5.5, 4.625], "texture": "#0"}
			}
		},
		{
			"from": [-2.89197, 12.86236, 13.9],
			"to": [-1.89197, 17.26236, 14.9],
			"rotation": {"angle": 0, "axis": "z", "origin": [18.10803, 13.36236, 14.5]},
			"faces": {
				"north": {"uv": [0, 5.875, 0.125, 6.425], "texture": "#0"},
				"east": {"uv": [0, 5.875, 0.125, 6.425], "texture": "#0"},
				"south": {"uv": [0, 5.875, 0.125, 6.425], "texture": "#0"},
				"west": {"uv": [0, 5.875, 0.125, 6.425], "texture": "#0"},
				"up": {"uv": [5.625, 3.125, 5.5, 3], "texture": "#0"},
				"down": {"uv": [5.625, 4.5, 5.5, 4.625], "texture": "#0"}
			}
		},
		{
			"from": [17.40803, 16.36236, 13.2],
			"to": [19.40803, 18.36236, 15.4],
			"shade": false,
			"rotation": {"angle": -45, "axis": "z", "origin": [18.40803, 17.56236, 14.3]},
			"faces": {
				"north": {"uv": [1.25, 7.75, 1.5, 8], "texture": "#0"},
				"east": {"uv": [1.25, 7.75, 1.5, 8], "texture": "#0"},
				"south": {"uv": [1.25, 7.75, 1.5, 8], "texture": "#0"},
				"west": {"uv": [1.25, 7.75, 1.5, 8], "texture": "#0"},
				"up": {"uv": [1.25, 7.75, 1.5, 8], "texture": "#0"},
				"down": {"uv": [1.25, 7.75, 1.5, 8], "texture": "#0"}
			}
		},
		{
			"from": [-3.30803, 10.86236, 13.3],
			"to": [-1.30803, 15.26236, 15.3],
			"rotation": {"angle": 0, "axis": "z", "origin": [-2.10803, 13.36236, 14.5]},
			"faces": {
				"north": {"uv": [0.25, 5.875, 0, 6.425], "texture": "#0"},
				"east": {"uv": [0.25, 5.875, 0, 6.425], "texture": "#0"},
				"south": {"uv": [0.25, 5.875, 0, 6.425], "texture": "#0"},
				"west": {"uv": [0.25, 5.875, 0, 6.425], "texture": "#0"},
				"up": {"uv": [5.5, 4.5, 5.75, 3], "texture": "#0"},
				"down": {"uv": [5.5, 4.5, 5.75, 6], "texture": "#0"}
			}
		},
		{
			"from": [-3.40803, 16.36236, 13.2],
			"to": [-1.40803, 18.36236, 15.4],
			"rotation": {"angle": 45, "axis": "z", "origin": [-2.40803, 17.56236, 14.3]},
			"faces": {
				"north": {"uv": [1.25, 7.75, 1.5, 8], "texture": "#0"},
				"east": {"uv": [1.25, 7.75, 1.5, 8], "texture": "#0"},
				"south": {"uv": [1.25, 7.75, 1.5, 8], "texture": "#0"},
				"west": {"uv": [1.25, 7.75, 1.5, 8], "texture": "#0"},
				"up": {"uv": [1.25, 7.75, 1.5, 8], "texture": "#0"},
				"down": {"uv": [1.25, 7.75, 1.5, 8], "texture": "#0"}
			}
		},
		{
			"from": [17.30803, 10.86236, 1.3],
			"to": [19.30803, 15.26236, 3.3],
			"rotation": {"angle": 0, "axis": "z", "origin": [18.10803, 13.36236, 2.5]},
			"faces": {
				"north": {"uv": [0, 5.875, 0.25, 6.425], "texture": "#0"},
				"east": {"uv": [0, 5.875, 0.25, 6.425], "texture": "#0"},
				"south": {"uv": [0, 5.875, 0.25, 6.425], "texture": "#0"},
				"west": {"uv": [0, 5.875, 0.25, 6.425], "texture": "#0"},
				"up": {"uv": [5.75, 4.5, 5.5, 3], "texture": "#0"},
				"down": {"uv": [5.75, 4.5, 5.5, 6], "texture": "#0"}
			}
		},
		{
			"from": [17.40803, 16.36236, 1.2],
			"to": [19.40803, 18.36236, 3.4],
			"rotation": {"angle": -45, "axis": "z", "origin": [18.40803, 17.56236, 2.3]},
			"faces": {
				"north": {"uv": [1.25, 7.75, 1.5, 8], "texture": "#0"},
				"east": {"uv": [1.25, 7.75, 1.5, 8], "texture": "#0"},
				"south": {"uv": [1.25, 7.75, 1.5, 8], "texture": "#0"},
				"west": {"uv": [1.25, 7.75, 1.5, 8], "texture": "#0"},
				"up": {"uv": [1.25, 7.75, 1.5, 8], "texture": "#0"},
				"down": {"uv": [1.25, 7.75, 1.5, 8], "texture": "#0"}
			}
		},
		{
			"from": [-3.30803, 10.86236, 1.3],
			"to": [-1.30803, 15.26236, 3.3],
			"rotation": {"angle": 0, "axis": "z", "origin": [-2.10803, 13.36236, 2.5]},
			"faces": {
				"north": {"uv": [0.25, 5.875, 0, 6.425], "texture": "#0"},
				"east": {"uv": [0.25, 5.875, 0, 6.425], "texture": "#0"},
				"south": {"uv": [0.25, 5.875, 0, 6.425], "texture": "#0"},
				"west": {"uv": [0.25, 5.875, 0, 6.425], "texture": "#0"},
				"up": {"uv": [5.5, 4.5, 5.75, 3], "texture": "#0"},
				"down": {"uv": [5.5, 4.5, 5.75, 6], "texture": "#0"}
			}
		},
		{
			"from": [-3.40803, 16.36236, 1.2],
			"to": [-1.40803, 18.36236, 3.4],
			"rotation": {"angle": 45, "axis": "z", "origin": [-2.40803, 17.56236, 2.3]},
			"faces": {
				"north": {"uv": [1.25, 7.75, 1.5, 8], "texture": "#0"},
				"east": {"uv": [1.25, 7.75, 1.5, 8], "texture": "#0"},
				"south": {"uv": [1.25, 7.75, 1.5, 8], "texture": "#0"},
				"west": {"uv": [1.25, 7.75, 1.5, 8], "texture": "#0"},
				"up": {"uv": [1.25, 7.75, 1.5, 8], "texture": "#0"},
				"down": {"uv": [1.25, 7.75, 1.5, 8], "texture": "#0"}
			}
		},
		{
			"from": [-2.1, 10, 15],
			"to": [18.1, 15, 17],
			"rotation": {"angle": -22.5, "axis": "x", "origin": [8, 7.5, 14.5]},
			"faces": {
				"north": {"uv": [3, 3.75, 5.5, 4.375], "texture": "#0"},
				"east": {"uv": [0, 5.875, 0.25, 6.5], "texture": "#0"},
				"south": {"uv": [0, 4, 2.5, 4.625], "texture": "#0"},
				"west": {"uv": [5.5, 6, 5.75, 6.625], "texture": "#0"},
				"up": {"uv": [8, 3.25, 5.5, 3], "texture": "#0"},
				"down": {"uv": [8, 4.5, 5.5, 4.75], "texture": "#0"}
			}
		},
		{
			"from": [-2.1, 10, -1],
			"to": [18.1, 15, 1],
			"rotation": {"angle": 22.5, "axis": "x", "origin": [8, 7.5, 1.5]},
			"faces": {
				"north": {"uv": [2.5, 4, 0, 4.625], "texture": "#0"},
				"east": {"uv": [0.25, 5.875, 0, 6.5], "texture": "#0"},
				"south": {"uv": [5.5, 3.75, 3, 4.375], "texture": "#0"},
				"west": {"uv": [5.75, 6, 5.5, 6.625], "texture": "#0"},
				"up": {"uv": [8, 3, 5.5, 3.25], "texture": "#0"},
				"down": {"uv": [8, 4.75, 5.5, 4.5], "texture": "#0"}
			}
		},
		{
			"from": [-4, 0, 0],
			"to": [1, 1, 5],
			"faces": {
				"north": {"uv": [1.5, 7.375, 2.125, 7.5], "texture": "#0"},
				"east": {"uv": [4.75, 7.75, 5.375, 7.875], "texture": "#0"},
				"south": {"uv": [8, 5.875, 8.625, 6], "texture": "#0"},
				"west": {"uv": [8.375, 3.875, 9, 4], "texture": "#0"},
				"up": {"uv": [0.625, 8.375, 0, 7.75], "texture": "#0"},
				"down": {"uv": [2.125, 6.5, 1.5, 7.125], "texture": "#0"}
			}
		},
		{
			"from": [-3, 1, 1],
			"to": [0, 8, 4],
			"faces": {
				"north": {"uv": [2.5, 4, 2.875, 4.875], "texture": "#0"},
				"east": {"uv": [2.125, 5.875, 2.5, 6.75], "texture": "#0"},
				"south": {"uv": [1.875, 8, 2.25, 8.875], "texture": "#0"},
				"west": {"uv": [8, 1.875, 8.375, 2.75], "texture": "#0"},
				"up": {"uv": [5.25, 8.625, 4.875, 8.25], "texture": "#0"},
				"down": {"uv": [5.625, 8.25, 5.25, 8.625], "texture": "#0"}
			}
		},
		{
			"from": [-3, 1, 12],
			"to": [0, 8, 15],
			"faces": {
				"north": {"uv": [2.25, 8, 2.625, 8.875], "texture": "#0"},
				"east": {"uv": [2.625, 8, 3, 8.875], "texture": "#0"},
				"south": {"uv": [8, 2.75, 8.375, 3.625], "texture": "#0"},
				"west": {"uv": [3, 8, 3.375, 8.875], "texture": "#0"},
				"up": {"uv": [6, 8.625, 5.625, 8.25], "texture": "#0"},
				"down": {"uv": [6.375, 8.25, 6, 8.625], "texture": "#0"}
			}
		},
		{
			"from": [-4, 0, 11],
			"to": [1, 1, 16],
			"faces": {
				"north": {"uv": [8.375, 4, 9, 4.125], "texture": "#0"},
				"east": {"uv": [8.375, 4.125, 9, 4.25], "texture": "#0"},
				"south": {"uv": [8.375, 4.25, 9, 4.375], "texture": "#0"},
				"west": {"uv": [8.375, 4.375, 9, 4.5], "texture": "#0"},
				"up": {"uv": [0.625, 8.375, 0, 7.75], "texture": "#0"},
				"down": {"uv": [1.25, 7.75, 0.625, 8.375], "texture": "#0"}
			}
		},
		{
			"from": [16, 1, 12],
			"to": [19, 8, 15],
			"faces": {
				"north": {"uv": [3.375, 8, 3.75, 8.875], "texture": "#0"},
				"east": {"uv": [8, 3.625, 8.375, 4.5], "texture": "#0"},
				"south": {"uv": [3.75, 8, 4.125, 8.875], "texture": "#0"},
				"west": {"uv": [4.125, 8, 4.5, 8.875], "texture": "#0"},
				"up": {"uv": [6.75, 8.625, 6.375, 8.25], "texture": "#0"},
				"down": {"uv": [0.375, 8.375, 0, 8.75], "texture": "#0"}
			}
		},
		{
			"from": [15, 0, 11],
			"to": [20, 1, 16],
			"faces": {
				"north": {"uv": [8.375, 4.5, 9, 4.625], "texture": "#0"},
				"east": {"uv": [8.375, 4.625, 9, 4.75], "texture": "#0"},
				"south": {"uv": [8.375, 4.75, 9, 4.875], "texture": "#0"},
				"west": {"uv": [8.375, 4.875, 9, 5], "texture": "#0"},
				"up": {"uv": [0.625, 8.375, 0, 7.75], "texture": "#0"},
				"down": {"uv": [8.625, 0.625, 8, 1.25], "texture": "#0"}
			}
		},
		{
			"from": [20, 0, 11],
			"to": [21, 1, 16],
			"faces": {
				"north": {"uv": [8.375, 4.5, 8.5, 4.625], "texture": "#0"},
				"east": {"uv": [8.375, 4.625, 9, 4.75], "texture": "#0"},
				"south": {"uv": [8.375, 4.75, 8.5, 4.875], "texture": "#0"},
				"west": {"uv": [8.375, 4.875, 9, 5], "texture": "#0"},
				"up": {"uv": [0.125, 8.375, 0, 7.75], "texture": "#0"},
				"down": {"uv": [8.125, 0.625, 8, 1.25], "texture": "#0"}
			}
		},
		{
			"from": [20, 0, 0],
			"to": [21, 1, 5],
			"faces": {
				"north": {"uv": [8.375, 4.5, 8.5, 4.625], "texture": "#0"},
				"east": {"uv": [8.375, 4.625, 9, 4.75], "texture": "#0"},
				"south": {"uv": [8.375, 4.75, 8.5, 4.875], "texture": "#0"},
				"west": {"uv": [8.375, 4.875, 9, 5], "texture": "#0"},
				"up": {"uv": [0.125, 8.375, 0, 7.75], "texture": "#0"},
				"down": {"uv": [8.125, 0.625, 8, 1.25], "texture": "#0"}
			}
		},
		{
			"from": [-5, 0, 0],
			"to": [-4, 1, 5],
			"faces": {
				"north": {"uv": [8.375, 4.5, 8.5, 4.625], "texture": "#0"},
				"east": {"uv": [8.375, 4.625, 9, 4.75], "texture": "#0"},
				"south": {"uv": [8.375, 4.75, 8.5, 4.875], "texture": "#0"},
				"west": {"uv": [8.375, 4.875, 9, 5], "texture": "#0"},
				"up": {"uv": [0.125, 8.375, 0, 7.75], "texture": "#0"},
				"down": {"uv": [8.125, 0.625, 8, 1.25], "texture": "#0"}
			}
		},
		{
			"from": [-5, 0, 11],
			"to": [-4, 1, 16],
			"faces": {
				"north": {"uv": [8.375, 4.5, 8.5, 4.625], "texture": "#0"},
				"east": {"uv": [8.375, 4.625, 9, 4.75], "texture": "#0"},
				"south": {"uv": [8.375, 4.75, 8.5, 4.875], "texture": "#0"},
				"west": {"uv": [8.375, 4.875, 9, 5], "texture": "#0"},
				"up": {"uv": [0.125, 8.375, 0, 7.75], "texture": "#0"},
				"down": {"uv": [8.125, 0.625, 8, 1.25], "texture": "#0"}
			}
		},
		{
			"from": [16, 1, 1],
			"to": [19, 8, 4],
			"faces": {
				"north": {"uv": [8, 4.5, 8.375, 5.375], "texture": "#0"},
				"east": {"uv": [6.75, 8.125, 7.125, 9], "texture": "#0"},
				"south": {"uv": [7.125, 8.125, 7.5, 9], "texture": "#0"},
				"west": {"uv": [7.5, 8.125, 7.875, 9], "texture": "#0"},
				"up": {"uv": [0.75, 8.75, 0.375, 8.375], "texture": "#0"},
				"down": {"uv": [1.125, 8.375, 0.75, 8.75], "texture": "#0"}
			}
		},
		{
			"from": [15, 0, 0],
			"to": [20, 1, 5],
			"faces": {
				"north": {"uv": [8.375, 5, 9, 5.125], "texture": "#0"},
				"east": {"uv": [8.375, 5.125, 9, 5.25], "texture": "#0"},
				"south": {"uv": [8.375, 5.25, 9, 5.375], "texture": "#0"},
				"west": {"uv": [8.5, 8.125, 9.125, 8.25], "texture": "#0"},
				"up": {"uv": [0.625, 8.375, 0, 7.75], "texture": "#0"},
				"down": {"uv": [8.625, 1.25, 8, 1.875], "texture": "#0"}
			}
		},
		{
			"from": [15, 2, 11],
			"to": [20, 3, 16],
			"faces": {
				"north": {"uv": [8.375, 4.5, 9, 4.625], "texture": "#0"},
				"east": {"uv": [8.375, 4.625, 9, 4.75], "texture": "#0"},
				"south": {"uv": [8.375, 4.75, 9, 4.875], "texture": "#0"},
				"west": {"uv": [8.375, 4.875, 9, 5], "texture": "#0"},
				"up": {"uv": [8.625, 0.625, 8, 0], "texture": "#0"},
				"down": {"uv": [8.625, 0.625, 8, 1.25], "texture": "#0"}
			}
		},
		{
			"from": [-4, 2, 11],
			"to": [1, 3, 16],
			"faces": {
				"north": {"uv": [8.375, 4, 9, 4.125], "texture": "#0"},
				"east": {"uv": [8.375, 4.125, 9, 4.25], "texture": "#0"},
				"south": {"uv": [8.375, 4.25, 9, 4.375], "texture": "#0"},
				"west": {"uv": [8.375, 4.375, 9, 4.5], "texture": "#0"},
				"up": {"uv": [0.625, 8.375, 0, 7.75], "texture": "#0"},
				"down": {"uv": [1.25, 7.75, 0.625, 8.375], "texture": "#0"}
			}
		},
		{
			"from": [-4, 2, 0],
			"to": [1, 3, 5],
			"faces": {
				"north": {"uv": [1.5, 7.375, 2.125, 7.5], "texture": "#0"},
				"east": {"uv": [4.75, 7.75, 5.375, 7.875], "texture": "#0"},
				"south": {"uv": [8, 5.875, 8.625, 6], "texture": "#0"},
				"west": {"uv": [8.375, 3.875, 9, 4], "texture": "#0"},
				"up": {"uv": [2.125, 6.5, 1.5, 5.875], "texture": "#0"},
				"down": {"uv": [2.125, 6.5, 1.5, 7.125], "texture": "#0"}
			}
		},
		{
			"from": [15, 2, 0],
			"to": [20, 3, 5],
			"faces": {
				"north": {"uv": [8.375, 5, 9, 5.125], "texture": "#0"},
				"east": {"uv": [8.375, 5.125, 9, 5.25], "texture": "#0"},
				"south": {"uv": [8.375, 5.25, 9, 5.375], "texture": "#0"},
				"west": {"uv": [8.5, 8.125, 9.125, 8.25], "texture": "#0"},
				"up": {"uv": [1.875, 8.625, 1.25, 8], "texture": "#0"},
				"down": {"uv": [8.625, 1.25, 8, 1.875], "texture": "#0"}
			}
		},
		{
			"from": [15, 6, 11],
			"to": [20, 7, 16],
			"faces": {
				"north": {"uv": [8.375, 4.5, 9, 4.625], "texture": "#0"},
				"east": {"uv": [8.375, 4.625, 9, 4.75], "texture": "#0"},
				"south": {"uv": [8.375, 4.75, 9, 4.875], "texture": "#0"},
				"west": {"uv": [8.375, 4.875, 9, 5], "texture": "#0"},
				"up": {"uv": [8.625, 0.625, 8, 0], "texture": "#0"},
				"down": {"uv": [8.625, 0.625, 8, 1.25], "texture": "#0"}
			}
		},
		{
			"from": [-4, 6, 11],
			"to": [1, 7, 16],
			"faces": {
				"north": {"uv": [8.375, 4, 9, 4.125], "texture": "#0"},
				"east": {"uv": [8.375, 4.125, 9, 4.25], "texture": "#0"},
				"south": {"uv": [8.375, 4.25, 9, 4.375], "texture": "#0"},
				"west": {"uv": [8.375, 4.375, 9, 4.5], "texture": "#0"},
				"up": {"uv": [0.625, 8.375, 0, 7.75], "texture": "#0"},
				"down": {"uv": [1.25, 7.75, 0.625, 8.375], "texture": "#0"}
			}
		},
		{
			"from": [-4, 6, 0],
			"to": [1, 7, 5],
			"faces": {
				"north": {"uv": [1.5, 7.375, 2.125, 7.5], "texture": "#0"},
				"east": {"uv": [4.75, 7.75, 5.375, 7.875], "texture": "#0"},
				"south": {"uv": [8, 5.875, 8.625, 6], "texture": "#0"},
				"west": {"uv": [8.375, 3.875, 9, 4], "texture": "#0"},
				"up": {"uv": [2.125, 6.5, 1.5, 5.875], "texture": "#0"},
				"down": {"uv": [2.125, 6.5, 1.5, 7.125], "texture": "#0"}
			}
		},
		{
			"from": [15, 6, 0],
			"to": [20, 7, 5],
			"faces": {
				"north": {"uv": [8.375, 5, 9, 5.125], "texture": "#0"},
				"east": {"uv": [8.375, 5.125, 9, 5.25], "texture": "#0"},
				"south": {"uv": [8.375, 5.25, 9, 5.375], "texture": "#0"},
				"west": {"uv": [8.5, 8.125, 9.125, 8.25], "texture": "#0"},
				"up": {"uv": [1.875, 8.625, 1.25, 8], "texture": "#0"},
				"down": {"uv": [8.625, 1.25, 8, 1.875], "texture": "#0"}
			}
		},
		{
			"from": [5.5, 4, 14],
			"to": [10.5, 8, 16],
			"rotation": {"angle": 0, "axis": "y", "origin": [4.5, 0, 0]},
			"faces": {
				"north": {"uv": [8, 5.375, 8.625, 5.875], "texture": "#0"},
				"east": {"uv": [8.375, 1.875, 8.625, 2.375], "texture": "#0"},
				"south": {"uv": [7.875, 8.125, 8.5, 8.625], "texture": "#0"},
				"west": {"uv": [8.375, 2.375, 8.625, 2.875], "texture": "#0"},
				"up": {"uv": [2.125, 7.375, 1.5, 7.125], "texture": "#0"},
				"down": {"uv": [5.375, 7.5, 4.75, 7.75], "texture": "#0"}
			}
		},
		{
			"from": [6.5, 5, 15],
			"to": [9.5, 8, 17],
			"shade": false,
			"rotation": {"angle": 0, "axis": "y", "origin": [4.5, 0, 0]},
			"faces": {
				"north": {"uv": [2.5, 4.875, 2.875, 5.375], "texture": "#0"},
				"east": {"uv": [8.375, 2.875, 8.625, 3.375], "texture": "#0"},
				"south": {"uv": [2.125, 6.875, 2.5, 7.25], "texture": "#0"},
				"west": {"uv": [8.375, 3.375, 8.625, 3.875], "texture": "#0"},
				"up": {"uv": [2.875, 5.625, 2.5, 5.375], "texture": "#0"},
				"down": {"uv": [2.5, 7.25, 2.125, 7.5], "texture": "#0"}
			}
		},
		{
			"from": [6.5, 8, 15],
			"to": [9.5, 11, 17],
			"shade": false,
			"rotation": {"angle": 0, "axis": "y", "origin": [4.5, 0, 0]},
			"faces": {
				"north": {"uv": [2.5, 4.875, 2.875, 5.375], "texture": "#0"},
				"east": {"uv": [8.375, 2.875, 8.625, 3.375], "texture": "#0"},
				"south": {"uv": [2.125, 6.75, 2.5, 7.125], "texture": "#0"},
				"west": {"uv": [8.375, 3.375, 8.625, 3.875], "texture": "#0"},
				"up": {"uv": [2.875, 5.625, 2.5, 5.375], "texture": "#0"},
				"down": {"uv": [2.5, 7.25, 2.125, 7.5], "texture": "#0"}
			}
		},
		{
			"from": [7, 13.85, 13.85],
			"to": [9, 15.85, 14.85],
			"rotation": {"angle": -22.5, "axis": "x", "origin": [7.85, 14.9, 17.55]},
			"faces": {
				"north": {"uv": [6.75, 7.875, 7, 8.125], "rotation": 180, "texture": "#0"},
				"east": {"uv": [8.625, 1.375, 8.875, 1.25], "rotation": 90, "texture": "#0"},
				"south": {"uv": [1.25, 7.75, 1.5, 8], "texture": "#0"},
				"west": {"uv": [8.625, 1.25, 8.875, 1.125], "rotation": 270, "texture": "#0"},
				"up": {"uv": [8.875, 1, 8.625, 1.125], "rotation": 180, "texture": "#0"},
				"down": {"uv": [1.5, 8.625, 1.25, 8.75], "texture": "#0"}
			}
		},
		{
			"from": [7, 15.85, 13.85],
			"to": [9, 17.85, 14.85],
			"rotation": {"angle": -22.5, "axis": "x", "origin": [7.85, 14.9, 17.55]},
			"faces": {
				"north": {"uv": [6.75, 7.875, 7, 8.125], "rotation": 180, "texture": "#0"},
				"east": {"uv": [8.625, 1.375, 8.875, 1.25], "rotation": 90, "texture": "#0"},
				"south": {"uv": [1.25, 7.75, 1.5, 8], "texture": "#0"},
				"west": {"uv": [8.625, 1.25, 8.875, 1.125], "rotation": 270, "texture": "#0"},
				"up": {"uv": [8.875, 1, 8.625, 1.125], "rotation": 180, "texture": "#0"},
				"down": {"uv": [1.5, 8.625, 1.25, 8.75], "texture": "#0"}
			}
		},
		{
			"from": [7, 11.85, 13.85],
			"to": [9, 13.85, 14.85],
			"rotation": {"angle": -22.5, "axis": "x", "origin": [7.85, 14.9, 17.55]},
			"faces": {
				"north": {"uv": [6.75, 7.875, 7, 8.125], "rotation": 180, "texture": "#0"},
				"east": {"uv": [8.625, 1.375, 8.875, 1.25], "rotation": 90, "texture": "#0"},
				"south": {"uv": [1.25, 7.75, 1.5, 8], "texture": "#0"},
				"west": {"uv": [8.625, 1.25, 8.875, 1.125], "rotation": 270, "texture": "#0"},
				"up": {"uv": [8.875, 1, 8.625, 1.125], "rotation": 180, "texture": "#0"},
				"down": {"uv": [1.5, 8.625, 1.25, 8.75], "texture": "#0"}
			}
		},
		{
			"from": [7, 11.82922, 14.81272],
			"to": [9, 13.82922, 15.81272],
			"rotation": {"angle": -45, "axis": "z", "origin": [8, 12.82922, 14.61272]},
			"faces": {
				"north": {"uv": [6.75, 7.875, 7, 8.125], "rotation": 180, "texture": "#0"},
				"east": {"uv": [8.625, 1.375, 8.875, 1.25], "rotation": 90, "texture": "#0"},
				"south": {"uv": [1.25, 7.75, 1.5, 8], "texture": "#0"},
				"west": {"uv": [8.625, 1.25, 8.875, 1.125], "rotation": 270, "texture": "#0"},
				"up": {"uv": [8.875, 1, 8.625, 1.125], "rotation": 180, "texture": "#0"},
				"down": {"uv": [1.5, 8.625, 1.25, 8.75], "texture": "#0"}
			}
		},
		{
			"from": [7.2, 3.12922, 15.21272],
			"to": [9.2, 5.12922, 16.21272],
			"rotation": {"angle": -45, "axis": "z", "origin": [8.2, 4.12922, 15.01272]},
			"faces": {
				"north": {"uv": [6.75, 7.875, 7, 8.125], "rotation": 180, "texture": "#0"},
				"east": {"uv": [8.625, 1.375, 8.875, 1.25], "rotation": 90, "texture": "#0"},
				"south": {"uv": [1.25, 7.75, 1.5, 8], "texture": "#0"},
				"west": {"uv": [8.625, 1.25, 8.875, 1.125], "rotation": 270, "texture": "#0"},
				"up": {"uv": [8.875, 1, 8.625, 1.125], "rotation": 180, "texture": "#0"},
				"down": {"uv": [1.5, 8.625, 1.25, 8.75], "texture": "#0"}
			}
		},
		{
			"from": [9.7, 9.82922, 15.21272],
			"to": [11.7, 11.82922, 16.21272],
			"rotation": {"angle": -45, "axis": "z", "origin": [10.7, 6.82922, 15.01272]},
			"faces": {
				"north": {"uv": [6.75, 7.875, 7, 8.125], "rotation": 180, "texture": "#0"},
				"east": {"uv": [8.625, 1.375, 8.875, 1.25], "rotation": 90, "texture": "#0"},
				"south": {"uv": [1.25, 7.75, 1.5, 8], "texture": "#0"},
				"west": {"uv": [8.625, 1.25, 8.875, 1.125], "rotation": 270, "texture": "#0"},
				"up": {"uv": [8.875, 1, 8.625, 1.125], "rotation": 180, "texture": "#0"},
				"down": {"uv": [1.5, 8.625, 1.25, 8.75], "texture": "#0"}
			}
		},
		{
			"from": [-1.3, 9.82922, 15.21272],
			"to": [0.7, 11.82922, 16.21272],
			"rotation": {"angle": -45, "axis": "z", "origin": [-0.3, 6.82922, 15.01272]},
			"faces": {
				"north": {"uv": [6.75, 7.875, 7, 8.125], "rotation": 180, "texture": "#0"},
				"east": {"uv": [8.625, 1.375, 8.875, 1.25], "rotation": 90, "texture": "#0"},
				"south": {"uv": [1.25, 7.75, 1.5, 8], "texture": "#0"},
				"west": {"uv": [8.625, 1.25, 8.875, 1.125], "rotation": 270, "texture": "#0"},
				"up": {"uv": [8.875, 1, 8.625, 1.125], "rotation": 180, "texture": "#0"},
				"down": {"uv": [1.5, 8.625, 1.25, 8.75], "texture": "#0"}
			}
		},
		{
			"from": [12.6, 11.62922, 14.51272],
			"to": [14.6, 13.62922, 15.51272],
			"rotation": {"angle": -45, "axis": "z", "origin": [13.6, 12.62922, 14.31272]},
			"faces": {
				"north": {"uv": [6.75, 7.875, 7, 8.125], "rotation": 180, "texture": "#0"},
				"east": {"uv": [8.625, 1.375, 8.875, 1.25], "rotation": 90, "texture": "#0"},
				"south": {"uv": [1.25, 7.75, 1.5, 8], "texture": "#0"},
				"west": {"uv": [8.625, 1.25, 8.875, 1.125], "rotation": 270, "texture": "#0"},
				"up": {"uv": [8.875, 1, 8.625, 1.125], "rotation": 180, "texture": "#0"},
				"down": {"uv": [1.5, 8.625, 1.25, 8.75], "texture": "#0"}
			}
		},
		{
			"from": [1.6, 11.62922, 14.51272],
			"to": [3.6, 13.62922, 15.51272],
			"rotation": {"angle": -45, "axis": "z", "origin": [2.6, 12.62922, 14.31272]},
			"faces": {
				"north": {"uv": [6.75, 7.875, 7, 8.125], "rotation": 180, "texture": "#0"},
				"east": {"uv": [8.625, 1.375, 8.875, 1.25], "rotation": 90, "texture": "#0"},
				"south": {"uv": [1.25, 7.75, 1.5, 8], "texture": "#0"},
				"west": {"uv": [8.625, 1.25, 8.875, 1.125], "rotation": 270, "texture": "#0"},
				"up": {"uv": [8.875, 1, 8.625, 1.125], "rotation": 180, "texture": "#0"},
				"down": {"uv": [1.5, 8.625, 1.25, 8.75], "texture": "#0"}
			}
		},
		{
			"from": [13, 11, 1.3],
			"to": [14, 16, 14.8],
			"rotation": {"angle": 0, "axis": "y", "origin": [4.5, 0, 0]},
			"faces": {
				"north": {"uv": [8.625, 0, 8.75, 0.5], "texture": "#0"},
				"east": {"uv": [1.5, 7.5, 3.125, 8], "texture": "#0"},
				"south": {"uv": [8.625, 0.5, 8.75, 1], "texture": "#0"},
				"west": {"uv": [3.125, 7.5, 4.75, 8], "texture": "#0"},
				"up": {"uv": [4.75, 9.625, 4.625, 8], "texture": "#0"},
				"down": {"uv": [4.875, 8.25, 4.75, 9.875], "texture": "#0"}
			}
		},
		{
			"from": [13, 10, 14.8],
			"to": [14, 15.5, 15.8],
			"rotation": {"angle": -22.5, "axis": "x", "origin": [13.5, 13.25, 14.3]},
			"faces": {
				"north": {"uv": [8.625, 0, 8.75, 0.5], "texture": "#0"},
				"east": {"uv": [1.5, 7.5, 3.125, 8], "texture": "#0"},
				"south": {"uv": [8.625, 0.5, 8.75, 1], "texture": "#0"},
				"west": {"uv": [3.125, 7.5, 4.75, 8], "texture": "#0"},
				"up": {"uv": [4.75, 9.625, 4.625, 8], "texture": "#0"},
				"down": {"uv": [4.875, 8.25, 4.75, 9.875], "texture": "#0"}
			}
		},
		{
			"from": [2, 10, 14.8],
			"to": [3, 15.5, 15.8],
			"rotation": {"angle": -22.5, "axis": "x", "origin": [13.5, 13.25, 14.3]},
			"faces": {
				"north": {"uv": [8.625, 0, 8.75, 0.5], "texture": "#0"},
				"east": {"uv": [1.5, 7.5, 3.125, 8], "texture": "#0"},
				"south": {"uv": [8.625, 0.5, 8.75, 1], "texture": "#0"},
				"west": {"uv": [3.125, 7.5, 4.75, 8], "texture": "#0"},
				"up": {"uv": [4.75, 9.625, 4.625, 8], "texture": "#0"},
				"down": {"uv": [4.875, 8.25, 4.75, 9.875], "texture": "#0"}
			}
		},
		{
			"from": [2, 11, 1.3],
			"to": [3, 16, 14.8],
			"rotation": {"angle": 0, "axis": "y", "origin": [4.5, 0, 0]},
			"faces": {
				"north": {"uv": [1.125, 8.375, 1.25, 8.875], "texture": "#0"},
				"east": {"uv": [7, 6.75, 8.625, 7.25], "texture": "#0"},
				"south": {"uv": [8.5, 8.25, 8.625, 8.75], "texture": "#0"},
				"west": {"uv": [7, 7.25, 8.625, 7.75], "texture": "#0"},
				"up": {"uv": [3, 5.625, 2.875, 4], "texture": "#0"},
				"down": {"uv": [4.625, 8, 4.5, 9.625], "texture": "#0"}
			}
		},
		{
			"from": [-4, 8, 0],
			"to": [20, 11, 16],
			"faces": {
				"north": {"uv": [7, 6, 10, 6.375], "texture": "#0"},
				"east": {"uv": [7, 7.75, 9, 8.125], "texture": "#0"},
				"south": {"uv": [7, 6.375, 10, 6.75], "texture": "#0"},
				"west": {"uv": [4.75, 7.875, 6.75, 8.25], "texture": "#0"},
				"up": {"uv": [3, 2, 0, 0], "texture": "#0"},
				"down": {"uv": [3, 2, 0, 4], "texture": "#0"}
			}
		},
		{
			"from": [17.85614, 0.22209, 4],
			"to": [18.85614, 3.22209, 12],
			"rotation": {"angle": 22.5, "axis": "z", "origin": [19.35614, 4.72209, 8]},
			"faces": {
				"north": {"uv": [7, 6, 7.125, 6.375], "texture": "#0"},
				"east": {"uv": [7.25, 7.75, 8.25, 8.125], "texture": "#0"},
				"south": {"uv": [7, 6.375, 7.125, 6.75], "texture": "#0"},
				"west": {"uv": [4.75, 7.875, 6.75, 8.25], "texture": "#0"},
				"up": {"uv": [0.125, 2, 0, 0], "texture": "#0"},
				"down": {"uv": [0.125, 2, 0, 4], "texture": "#0"}
			}
		},
		{
			"from": [-2.85614, 0.22209, 4],
			"to": [-1.85614, 3.22209, 12],
			"rotation": {"angle": -22.5, "axis": "z", "origin": [-3.35614, 4.72209, 8]},
			"faces": {
				"north": {"uv": [7.125, 6, 7, 6.375], "texture": "#0"},
				"east": {"uv": [6.75, 7.875, 4.75, 8.25], "texture": "#0"},
				"south": {"uv": [7.125, 6.375, 7, 6.75], "texture": "#0"},
				"west": {"uv": [8.25, 7.75, 7.25, 8.125], "texture": "#0"},
				"up": {"uv": [0, 2, 0.125, 0], "texture": "#0"},
				"down": {"uv": [0, 2, 0.125, 4], "texture": "#0"}
			}
		},
		{
			"from": [-2.6, 12.4, 1.6],
			"to": [18.6, 13.4, 15.2],
			"faces": {
				"north": {"uv": [7, 6.5, 10, 6.625], "texture": "#0"},
				"east": {"uv": [7, 7.875, 9, 8], "texture": "#0"},
				"south": {"uv": [7, 6.125, 10, 6.25], "texture": "#0"},
				"west": {"uv": [4.75, 8, 6.75, 8.125], "texture": "#0"},
				"up": {"uv": [7, 6.125, 10, 6.25], "texture": "#0"},
				"down": {"uv": [3, 2, 0, 4], "texture": "#0"}
			}
		},
		{
			"from": [10.8, 18.6725, 8.5],
			"to": [11.8, 19.7725, 9.5],
			"rotation": {"angle": -45, "axis": "y", "origin": [8, 19.2225, 8]},
			"faces": {
				"north": {"uv": [8.625, 1, 8.75, 1.125], "texture": "#0"},
				"east": {"uv": [8.75, 1.25, 8.625, 1.125], "rotation": 180, "texture": "#0"},
				"south": {"uv": [1.25, 8.625, 1.5, 8.75], "texture": "#0"},
				"west": {"uv": [8.75, 1.375, 8.625, 1.25], "rotation": 180, "texture": "#0"},
				"up": {"uv": [2, 8.5, 2.125, 8.625], "texture": "#0"},
				"down": {"uv": [6.875, 7.875, 6.75, 8], "texture": "#0"}
			}
		},
		{
			"from": [11.8, 18.6725, 7.5],
			"to": [12.8, 19.7725, 8.5],
			"rotation": {"angle": -45, "axis": "y", "origin": [8, 19.2225, 8]},
			"faces": {
				"north": {"uv": [8.625, 1, 8.75, 1.125], "texture": "#0"},
				"east": {"uv": [8.75, 1.25, 8.625, 1.125], "rotation": 180, "texture": "#0"},
				"south": {"uv": [1.25, 8.625, 1.5, 8.75], "texture": "#0"},
				"west": {"uv": [8.75, 1.375, 8.625, 1.25], "rotation": 180, "texture": "#0"},
				"up": {"uv": [2, 8.625, 2.125, 8.75], "texture": "#0"},
				"down": {"uv": [6.875, 7.875, 6.75, 8], "texture": "#0"}
			}
		},
		{
			"from": [10.8, 18.6725, 6.5],
			"to": [11.8, 19.7725, 7.5],
			"rotation": {"angle": -45, "axis": "y", "origin": [8, 19.2225, 8]},
			"faces": {
				"north": {"uv": [8.625, 1, 8.75, 1.125], "texture": "#0"},
				"east": {"uv": [8.75, 1.25, 8.625, 1.125], "rotation": 180, "texture": "#0"},
				"south": {"uv": [1.25, 8.625, 1.5, 8.75], "texture": "#0"},
				"west": {"uv": [8.75, 1.375, 8.625, 1.25], "rotation": 180, "texture": "#0"},
				"up": {"uv": [1.25, 8.625, 1.5, 8.75], "texture": "#0"},
				"down": {"uv": [6.875, 7.875, 6.75, 8], "texture": "#0"}
			}
		},
		{
			"from": [8.99289, 18.6725, 9.02132],
			"to": [9.99289, 19.7725, 10.02132],
			"rotation": {"angle": 0, "axis": "y", "origin": [7.29289, 19.2225, 10.12132]},
			"faces": {
				"north": {"uv": [8.75, 1.375, 8.625, 1.25], "rotation": 180, "texture": "#0"},
				"east": {"uv": [8.625, 1, 8.75, 1.125], "texture": "#0"},
				"south": {"uv": [8.75, 1.25, 8.625, 1.125], "rotation": 180, "texture": "#0"},
				"west": {"uv": [1.25, 8.625, 1.5, 8.75], "texture": "#0"},
				"up": {"uv": [2, 8.25, 2.125, 8.375], "texture": "#0"},
				"down": {"uv": [6.875, 7.875, 6.75, 8], "rotation": 270, "texture": "#0"}
			}
		},
		{
			"from": [7.49289, 18.6725, 11.42132],
			"to": [8.49289, 19.7725, 12.42132],
			"rotation": {"angle": 0, "axis": "y", "origin": [7.29289, 19.2225, 10.12132]},
			"faces": {
				"north": {"uv": [8.75, 1.375, 8.625, 1.25], "rotation": 180, "texture": "#0"},
				"east": {"uv": [8.625, 1, 8.75, 1.125], "texture": "#0"},
				"south": {"uv": [8.75, 1.25, 8.625, 1.125], "rotation": 180, "texture": "#0"},
				"west": {"uv": [1.25, 8.625, 1.5, 8.75], "texture": "#0"},
				"up": {"uv": [2, 8.25, 2.125, 8.375], "texture": "#0"},
				"down": {"uv": [6.875, 7.875, 6.75, 8], "rotation": 270, "texture": "#0"}
			}
		},
		{
			"from": [7.49289, 16.2725, 13.42132],
			"to": [8.49289, 17.3725, 14.42132],
			"rotation": {"angle": 0, "axis": "y", "origin": [7.29289, 19.2225, 10.12132]},
			"faces": {
				"north": {"uv": [8.75, 1.375, 8.625, 1.25], "rotation": 180, "texture": "#0"},
				"east": {"uv": [8.625, 1, 8.75, 1.125], "texture": "#0"},
				"south": {"uv": [8.75, 1.25, 8.625, 1.125], "rotation": 180, "texture": "#0"},
				"west": {"uv": [1.25, 8.625, 1.5, 8.75], "texture": "#0"},
				"up": {"uv": [2, 8.25, 2.125, 8.375], "texture": "#0"},
				"down": {"uv": [6.875, 7.875, 6.75, 8], "rotation": 270, "texture": "#0"}
			}
		},
		{
			"from": [7.49289, 18.4725, 13.42132],
			"to": [8.49289, 19.5725, 14.42132],
			"rotation": {"angle": 0, "axis": "y", "origin": [7.29289, 19.2225, 10.12132]},
			"faces": {
				"north": {"uv": [8.75, 1.375, 8.625, 1.25], "rotation": 180, "texture": "#0"},
				"east": {"uv": [8.625, 1, 8.75, 1.125], "texture": "#0"},
				"south": {"uv": [8.75, 1.25, 8.625, 1.125], "rotation": 180, "texture": "#0"},
				"west": {"uv": [1.25, 8.625, 1.5, 8.75], "texture": "#0"},
				"up": {"uv": [2, 8.25, 2.125, 8.375], "texture": "#0"},
				"down": {"uv": [6.875, 7.875, 6.75, 8], "rotation": 270, "texture": "#0"}
			}
		},
		{
			"from": [7.49289, 12.2725, 15.22132],
			"to": [8.49289, 13.3725, 16.22132],
			"rotation": {"angle": 0, "axis": "y", "origin": [7.29289, 19.2225, 10.12132]},
			"faces": {
				"north": {"uv": [8.625, 0.5, 8.75, 0.6375], "texture": "#0"},
				"east": {"uv": [8.625, 0.5, 8.75, 0.6375], "texture": "#0"},
				"south": {"uv": [8.625, 0.5, 8.75, 0.6375], "texture": "#0"},
				"west": {"uv": [8.625, 0.5, 8.75, 0.6375], "texture": "#0"},
				"up": {"uv": [8.625, 0.5, 8.75, 0.625], "texture": "#0"},
				"down": {"uv": [8.625, 0.5, 8.75, 0.625], "texture": "#0"}
			}
		},
		{
			"from": [7.49289, 17.3725, 13.52132],
			"to": [8.49289, 18.4725, 14.52132],
			"rotation": {"angle": -45, "axis": "z", "origin": [7.99289, 17.9225, 13.92132]},
			"faces": {
				"north": {"uv": [8.75, 1.375, 8.625, 1.25], "rotation": 180, "texture": "#0"},
				"east": {"uv": [8.625, 1, 8.75, 1.125], "texture": "#0"},
				"south": {"uv": [8.75, 1.25, 8.625, 1.125], "rotation": 180, "texture": "#0"},
				"west": {"uv": [1.25, 8.625, 1.5, 8.75], "texture": "#0"},
				"up": {"uv": [2, 8.25, 2.125, 8.375], "texture": "#0"},
				"down": {"uv": [6.875, 7.875, 6.75, 8], "rotation": 270, "texture": "#0"}
			}
		},
		{
			"from": [7.49289, 18.6725, 3.42132],
			"to": [8.49289, 19.7725, 4.42132],
			"rotation": {"angle": 0, "axis": "y", "origin": [7.29289, 19.2225, 10.12132]},
			"faces": {
				"north": {"uv": [8.75, 1.375, 8.625, 1.25], "rotation": 180, "texture": "#0"},
				"east": {"uv": [8.625, 1, 8.75, 1.125], "texture": "#0"},
				"south": {"uv": [8.75, 1.25, 8.625, 1.125], "rotation": 180, "texture": "#0"},
				"west": {"uv": [1.25, 8.625, 1.5, 8.75], "texture": "#0"},
				"up": {"uv": [2, 8.25, 2.125, 8.375], "texture": "#0"},
				"down": {"uv": [6.875, 7.875, 6.75, 8], "rotation": 270, "texture": "#0"}
			}
		},
		{
			"from": [11.49289, 18.6725, 7.42132],
			"to": [12.49289, 19.7725, 8.42132],
			"rotation": {"angle": 0, "axis": "y", "origin": [7.29289, 19.2225, 10.12132]},
			"faces": {
				"north": {"uv": [8.75, 1.375, 8.625, 1.25], "rotation": 180, "texture": "#0"},
				"east": {"uv": [8.625, 1, 8.75, 1.125], "texture": "#0"},
				"south": {"uv": [8.75, 1.25, 8.625, 1.125], "rotation": 180, "texture": "#0"},
				"west": {"uv": [1.25, 8.625, 1.5, 8.75], "texture": "#0"},
				"up": {"uv": [2, 8.25, 2.125, 8.375], "texture": "#0"},
				"down": {"uv": [6.875, 7.875, 6.75, 8], "rotation": 270, "texture": "#0"}
			}
		},
		{
			"from": [3.69289, 18.6725, 7.42132],
			"to": [4.69289, 19.7725, 8.42132],
			"rotation": {"angle": 0, "axis": "y", "origin": [7.29289, 19.2225, 10.12132]},
			"faces": {
				"north": {"uv": [8.75, 1.375, 8.625, 1.25], "rotation": 180, "texture": "#0"},
				"east": {"uv": [8.625, 1, 8.75, 1.125], "texture": "#0"},
				"south": {"uv": [8.75, 1.25, 8.625, 1.125], "rotation": 180, "texture": "#0"},
				"west": {"uv": [1.25, 8.625, 1.5, 8.75], "texture": "#0"},
				"up": {"uv": [2, 8.25, 2.125, 8.375], "texture": "#0"},
				"down": {"uv": [6.875, 7.875, 6.75, 8], "rotation": 270, "texture": "#0"}
			}
		},
		{
			"from": [10.99289, 18.4725, 11.02132],
			"to": [11.99289, 19.5725, 12.02132],
			"rotation": {"angle": 0, "axis": "y", "origin": [7.29289, 19.2225, 10.12132]},
			"faces": {
				"north": {"uv": [8.75, 1.375, 8.625, 1.25], "rotation": 180, "texture": "#0"},
				"east": {"uv": [8.625, 1, 8.75, 1.125], "texture": "#0"},
				"south": {"uv": [8.75, 1.25, 8.625, 1.125], "rotation": 180, "texture": "#0"},
				"west": {"uv": [1.25, 8.625, 1.5, 8.75], "texture": "#0"},
				"up": {"uv": [2, 8.25, 2.125, 8.375], "texture": "#0"},
				"down": {"uv": [6.875, 7.875, 6.75, 8], "rotation": 270, "texture": "#0"}
			}
		},
		{
			"from": [3.99289, 18.4725, 11.02132],
			"to": [4.99289, 19.5725, 12.02132],
			"rotation": {"angle": 0, "axis": "y", "origin": [7.29289, 19.2225, 10.12132]},
			"faces": {
				"north": {"uv": [8.75, 1.375, 8.625, 1.25], "rotation": 180, "texture": "#0"},
				"east": {"uv": [8.625, 1, 8.75, 1.125], "texture": "#0"},
				"south": {"uv": [8.75, 1.25, 8.625, 1.125], "rotation": 180, "texture": "#0"},
				"west": {"uv": [1.25, 8.625, 1.5, 8.75], "texture": "#0"},
				"up": {"uv": [2, 8.25, 2.125, 8.375], "texture": "#0"},
				"down": {"uv": [6.875, 7.875, 6.75, 8], "rotation": 270, "texture": "#0"}
			}
		},
		{
			"from": [3.99289, 18.4725, 4.02132],
			"to": [4.99289, 19.5725, 5.02132],
			"rotation": {"angle": 0, "axis": "y", "origin": [7.29289, 19.2225, 10.12132]},
			"faces": {
				"north": {"uv": [8.75, 1.375, 8.625, 1.25], "rotation": 180, "texture": "#0"},
				"east": {"uv": [8.625, 1, 8.75, 1.125], "texture": "#0"},
				"south": {"uv": [8.75, 1.25, 8.625, 1.125], "rotation": 180, "texture": "#0"},
				"west": {"uv": [1.25, 8.625, 1.5, 8.75], "texture": "#0"},
				"up": {"uv": [2, 8.25, 2.125, 8.375], "texture": "#0"},
				"down": {"uv": [6.875, 7.875, 6.75, 8], "rotation": 270, "texture": "#0"}
			}
		},
		{
			"from": [10.99289, 18.4725, 4.02132],
			"to": [11.99289, 19.5725, 5.02132],
			"rotation": {"angle": 0, "axis": "y", "origin": [7.29289, 19.2225, 10.12132]},
			"faces": {
				"north": {"uv": [8.75, 1.375, 8.625, 1.25], "rotation": 180, "texture": "#0"},
				"east": {"uv": [8.625, 1, 8.75, 1.125], "texture": "#0"},
				"south": {"uv": [8.75, 1.25, 8.625, 1.125], "rotation": 180, "texture": "#0"},
				"west": {"uv": [1.25, 8.625, 1.5, 8.75], "texture": "#0"},
				"up": {"uv": [2, 8.25, 2.125, 8.375], "texture": "#0"},
				"down": {"uv": [6.875, 7.875, 6.75, 8], "rotation": 270, "texture": "#0"}
			}
		},
		{
			"from": [8.5, 18.6725, 7.5],
			"to": [9.5, 19.7725, 8.5],
			"rotation": {"angle": -45, "axis": "y", "origin": [8, 19.2225, 8]},
			"faces": {
				"north": {"uv": [8.625, 1, 8.75, 1.125], "texture": "#0"},
				"east": {"uv": [8.75, 1.25, 8.625, 1.125], "rotation": 180, "texture": "#0"},
				"south": {"uv": [1.25, 8.625, 1.5, 8.75], "texture": "#0"},
				"west": {"uv": [8.75, 1.375, 8.625, 1.25], "rotation": 180, "texture": "#0"},
				"up": {"uv": [2, 8.125, 2.125, 8.25], "texture": "#0"},
				"down": {"uv": [6.875, 7.875, 6.75, 8], "texture": "#0"}
			}
		},
		{
			"from": [7.5, 18.6725, 7.5],
			"to": [8.5, 19.7725, 8.5],
			"rotation": {"angle": -45, "axis": "y", "origin": [8, 19.2225, 8]},
			"faces": {
				"north": {"uv": [8.625, 1, 8.75, 1.125], "texture": "#0"},
				"east": {"uv": [8.75, 1.25, 8.625, 1.125], "rotation": 180, "texture": "#0"},
				"south": {"uv": [1.25, 8.625, 1.5, 8.75], "texture": "#0"},
				"west": {"uv": [8.75, 1.375, 8.625, 1.25], "rotation": 180, "texture": "#0"},
				"up": {"uv": [2, 8.125, 2.125, 8.25], "texture": "#0"},
				"down": {"uv": [6.875, 7.875, 6.75, 8], "texture": "#0"}
			}
		},
		{
			"from": [7.5, 19.8725, 7.5],
			"to": [8.5, 20.9725, 8.5],
			"rotation": {"angle": -45, "axis": "z", "origin": [8, 20.4225, 8]},
			"faces": {
				"north": {"uv": [8.625, 1, 8.75, 1.125], "texture": "#0"},
				"east": {"uv": [8.75, 1.25, 8.625, 1.125], "rotation": 180, "texture": "#0"},
				"south": {"uv": [1.25, 8.625, 1.5, 8.75], "texture": "#0"},
				"west": {"uv": [8.75, 1.375, 8.625, 1.25], "rotation": 180, "texture": "#0"},
				"up": {"uv": [2, 8.125, 2.125, 8.25], "texture": "#0"},
				"down": {"uv": [6.875, 7.875, 6.75, 8], "texture": "#0"}
			}
		},
		{
			"from": [7.5, 18.6725, 6.5],
			"to": [8.5, 19.7725, 7.5],
			"rotation": {"angle": -45, "axis": "y", "origin": [8, 19.2225, 8]},
			"faces": {
				"north": {"uv": [8.625, 1, 8.75, 1.125], "texture": "#0"},
				"east": {"uv": [8.75, 1.25, 8.625, 1.125], "rotation": 180, "texture": "#0"},
				"south": {"uv": [1.25, 8.625, 1.5, 8.75], "texture": "#0"},
				"west": {"uv": [8.75, 1.375, 8.625, 1.25], "rotation": 180, "texture": "#0"},
				"up": {"uv": [2, 8.125, 2.125, 8.25], "texture": "#0"},
				"down": {"uv": [6.875, 7.875, 6.75, 8], "texture": "#0"}
			}
		},
		{
			"from": [7.5, 18.6725, 8.5],
			"to": [8.5, 19.7725, 9.5],
			"rotation": {"angle": -45, "axis": "y", "origin": [8, 19.2225, 8]},
			"faces": {
				"north": {"uv": [8.625, 1, 8.75, 1.125], "texture": "#0"},
				"east": {"uv": [8.75, 1.25, 8.625, 1.125], "rotation": 180, "texture": "#0"},
				"south": {"uv": [1.25, 8.625, 1.5, 8.75], "texture": "#0"},
				"west": {"uv": [8.75, 1.375, 8.625, 1.25], "rotation": 180, "texture": "#0"},
				"up": {"uv": [2, 8.125, 2.125, 8.25], "texture": "#0"},
				"down": {"uv": [6.875, 7.875, 6.75, 8], "texture": "#0"}
			}
		},
		{
			"from": [6.5, 18.6725, 7.5],
			"to": [7.5, 19.7725, 8.5],
			"rotation": {"angle": -45, "axis": "y", "origin": [8, 19.2225, 8]},
			"faces": {
				"north": {"uv": [8.625, 1, 8.75, 1.125], "texture": "#0"},
				"east": {"uv": [8.75, 1.25, 8.625, 1.125], "rotation": 180, "texture": "#0"},
				"south": {"uv": [1.25, 8.625, 1.5, 8.75], "texture": "#0"},
				"west": {"uv": [8.75, 1.375, 8.625, 1.25], "rotation": 180, "texture": "#0"},
				"up": {"uv": [2, 8.125, 2.125, 8.25], "texture": "#0"},
				"down": {"uv": [6.875, 7.875, 6.75, 8], "texture": "#0"}
			}
		},
		{
			"from": [5.99289, 18.6725, 5.92132],
			"to": [6.99289, 19.7725, 6.92132],
			"rotation": {"angle": 0, "axis": "y", "origin": [7.29289, 19.2225, 10.12132]},
			"faces": {
				"north": {"uv": [8.75, 1.375, 8.625, 1.25], "rotation": 180, "texture": "#0"},
				"east": {"uv": [8.625, 1, 8.75, 1.125], "texture": "#0"},
				"south": {"uv": [8.75, 1.25, 8.625, 1.125], "rotation": 180, "texture": "#0"},
				"west": {"uv": [1.25, 8.625, 1.5, 8.75], "texture": "#0"},
				"up": {"uv": [2, 8.25, 2.125, 8.375], "texture": "#0"},
				"down": {"uv": [6.875, 7.875, 6.75, 8], "rotation": 270, "texture": "#0"}
			}
		},
		{
			"from": [4.2, 18.6725, 6.5],
			"to": [5.2, 19.7725, 7.5],
			"rotation": {"angle": -45, "axis": "y", "origin": [8, 19.2225, 8]},
			"faces": {
				"north": {"uv": [1.25, 8.625, 1.5, 8.75], "texture": "#0"},
				"east": {"uv": [8.75, 1.375, 8.625, 1.25], "rotation": 180, "texture": "#0"},
				"south": {"uv": [8.625, 1, 8.75, 1.125], "texture": "#0"},
				"west": {"uv": [8.75, 1.25, 8.625, 1.125], "rotation": 180, "texture": "#0"},
				"up": {"uv": [2.75, 8.375, 2.875, 8.5], "texture": "#0"},
				"down": {"uv": [6.75, 8, 6.875, 7.875], "texture": "#0"}
			}
		},
		{
			"from": [4.2, 18.6725, 7.5],
			"to": [5.2, 19.7725, 8.5],
			"rotation": {"angle": -45, "axis": "y", "origin": [8, 19.2225, 8]},
			"faces": {
				"north": {"uv": [1.25, 8.625, 1.5, 8.75], "texture": "#0"},
				"east": {"uv": [8.75, 1.375, 8.625, 1.25], "rotation": 180, "texture": "#0"},
				"south": {"uv": [8.625, 1, 8.75, 1.125], "texture": "#0"},
				"west": {"uv": [8.75, 1.25, 8.625, 1.125], "rotation": 180, "texture": "#0"},
				"up": {"uv": [1.25, 8.625, 1.5, 8.75], "texture": "#0"},
				"down": {"uv": [6.75, 8, 6.875, 7.875], "texture": "#0"}
			}
		},
		{
			"from": [4.2, 18.6725, 8.5],
			"to": [5.2, 19.7725, 9.5],
			"rotation": {"angle": -45, "axis": "y", "origin": [8, 19.2225, 8]},
			"faces": {
				"north": {"uv": [1.25, 8.625, 1.5, 8.75], "texture": "#0"},
				"east": {"uv": [8.75, 1.375, 8.625, 1.25], "rotation": 180, "texture": "#0"},
				"south": {"uv": [8.625, 1, 8.75, 1.125], "texture": "#0"},
				"west": {"uv": [8.75, 1.25, 8.625, 1.125], "rotation": 180, "texture": "#0"},
				"up": {"uv": [1.25, 8.625, 1.5, 8.75], "texture": "#0"},
				"down": {"uv": [6.75, 8, 6.875, 7.875], "texture": "#0"}
			}
		},
		{
			"from": [3.2, 18.6725, 7.5],
			"to": [4.2, 19.7725, 8.5],
			"rotation": {"angle": -45, "axis": "y", "origin": [8, 19.2225, 8]},
			"faces": {
				"north": {"uv": [1.25, 8.625, 1.5, 8.75], "texture": "#0"},
				"east": {"uv": [8.75, 1.375, 8.625, 1.25], "rotation": 180, "texture": "#0"},
				"south": {"uv": [8.625, 1, 8.75, 1.125], "texture": "#0"},
				"west": {"uv": [8.75, 1.25, 8.625, 1.125], "rotation": 180, "texture": "#0"},
				"up": {"uv": [2, 8.625, 2.125, 8.75], "texture": "#0"},
				"down": {"uv": [6.75, 8, 6.875, 7.875], "texture": "#0"}
			}
		},
		{
			"from": [8.99289, 18.6725, 5.92132],
			"to": [9.99289, 19.7725, 6.92132],
			"rotation": {"angle": 0, "axis": "y", "origin": [7.29289, 19.2225, 10.12132]},
			"faces": {
				"north": {"uv": [8.75, 1.375, 8.625, 1.25], "rotation": 180, "texture": "#0"},
				"east": {"uv": [8.625, 1, 8.75, 1.125], "texture": "#0"},
				"south": {"uv": [8.75, 1.25, 8.625, 1.125], "rotation": 180, "texture": "#0"},
				"west": {"uv": [1.25, 8.625, 1.5, 8.75], "texture": "#0"},
				"up": {"uv": [2, 8.25, 2.125, 8.375], "texture": "#0"},
				"down": {"uv": [6.875, 7.875, 6.75, 8], "rotation": 270, "texture": "#0"}
			}
		},
		{
			"from": [10.8, 18.6725, 6.5],
			"to": [11.8, 19.7725, 7.5],
			"rotation": {"angle": 45, "axis": "y", "origin": [8, 19.2225, 8]},
			"faces": {
				"north": {"uv": [1.5, 8.625, 1.25, 8.75], "texture": "#0"},
				"east": {"uv": [8.625, 1.25, 8.75, 1.125], "rotation": 180, "texture": "#0"},
				"south": {"uv": [8.75, 1, 8.625, 1.125], "texture": "#0"},
				"west": {"uv": [8.625, 1.375, 8.75, 1.25], "rotation": 180, "texture": "#0"},
				"up": {"uv": [1.25, 8.625, 1.5, 8.75], "texture": "#0"},
				"down": {"uv": [6.875, 8, 6.75, 7.875], "texture": "#0"}
			}
		},
		{
			"from": [10.8, 18.6725, 8.5],
			"to": [11.8, 19.7725, 9.5],
			"rotation": {"angle": 45, "axis": "y", "origin": [8, 19.2225, 8]},
			"faces": {
				"north": {"uv": [1.5, 8.625, 1.25, 8.75], "texture": "#0"},
				"east": {"uv": [8.625, 1.25, 8.75, 1.125], "rotation": 180, "texture": "#0"},
				"south": {"uv": [8.75, 1, 8.625, 1.125], "texture": "#0"},
				"west": {"uv": [8.625, 1.375, 8.75, 1.25], "rotation": 180, "texture": "#0"},
				"up": {"uv": [1.25, 8.625, 1.5, 8.75], "texture": "#0"},
				"down": {"uv": [6.875, 8, 6.75, 7.875], "texture": "#0"}
			}
		},
		{
			"from": [10.8, 18.6725, 7.5],
			"to": [11.8, 19.7725, 8.5],
			"rotation": {"angle": 45, "axis": "y", "origin": [8, 19.2225, 8]},
			"faces": {
				"north": {"uv": [1.5, 8.625, 1.25, 8.75], "texture": "#0"},
				"east": {"uv": [8.625, 1.25, 8.75, 1.125], "rotation": 180, "texture": "#0"},
				"south": {"uv": [8.75, 1, 8.625, 1.125], "texture": "#0"},
				"west": {"uv": [8.625, 1.375, 8.75, 1.25], "rotation": 180, "texture": "#0"},
				"up": {"uv": [1.25, 8.625, 1.5, 8.75], "texture": "#0"},
				"down": {"uv": [6.875, 8, 6.75, 7.875], "texture": "#0"}
			}
		},
		{
			"from": [11.8, 18.6725, 7.5],
			"to": [12.8, 19.7725, 8.5],
			"rotation": {"angle": 45, "axis": "y", "origin": [8, 19.2225, 8]},
			"faces": {
				"north": {"uv": [1.5, 8.625, 1.25, 8.75], "texture": "#0"},
				"east": {"uv": [8.625, 1.25, 8.75, 1.125], "rotation": 180, "texture": "#0"},
				"south": {"uv": [8.75, 1, 8.625, 1.125], "texture": "#0"},
				"west": {"uv": [8.625, 1.375, 8.75, 1.25], "rotation": 180, "texture": "#0"},
				"up": {"uv": [2, 8.625, 2.125, 8.75], "texture": "#0"},
				"down": {"uv": [6.875, 8, 6.75, 7.875], "texture": "#0"}
			}
		},
		{
			"from": [5.99289, 18.6725, 9.02132],
			"to": [6.99289, 19.7725, 10.02132],
			"rotation": {"angle": 0, "axis": "y", "origin": [7.29289, 19.2225, 10.12132]},
			"faces": {
				"north": {"uv": [8.75, 1.375, 8.625, 1.25], "rotation": 180, "texture": "#0"},
				"east": {"uv": [8.625, 1, 8.75, 1.125], "texture": "#0"},
				"south": {"uv": [8.75, 1.25, 8.625, 1.125], "rotation": 180, "texture": "#0"},
				"west": {"uv": [1.25, 8.625, 1.5, 8.75], "texture": "#0"},
				"up": {"uv": [2, 8.25, 2.125, 8.375], "texture": "#0"},
				"down": {"uv": [6.875, 7.875, 6.75, 8], "rotation": 270, "texture": "#0"}
			}
		},
		{
			"from": [4.2, 18.6725, 8.5],
			"to": [5.2, 19.7725, 9.5],
			"rotation": {"angle": 45, "axis": "y", "origin": [8, 19.2225, 8]},
			"faces": {
				"north": {"uv": [8.75, 1, 8.625, 1.125], "texture": "#0"},
				"east": {"uv": [8.625, 1.375, 8.75, 1.25], "rotation": 180, "texture": "#0"},
				"south": {"uv": [1.5, 8.625, 1.25, 8.75], "texture": "#0"},
				"west": {"uv": [8.625, 1.25, 8.75, 1.125], "rotation": 180, "texture": "#0"},
				"up": {"uv": [1.25, 8.625, 1.5, 8.75], "texture": "#0"},
				"down": {"uv": [6.75, 7.875, 6.875, 8], "texture": "#0"}
			}
		},
		{
			"from": [4.2, 18.6725, 7.5],
			"to": [5.2, 19.7725, 8.5],
			"rotation": {"angle": 45, "axis": "y", "origin": [8, 19.2225, 8]},
			"faces": {
				"north": {"uv": [8.75, 1, 8.625, 1.125], "texture": "#0"},
				"east": {"uv": [8.625, 1.375, 8.75, 1.25], "rotation": 180, "texture": "#0"},
				"south": {"uv": [1.5, 8.625, 1.25, 8.75], "texture": "#0"},
				"west": {"uv": [8.625, 1.25, 8.75, 1.125], "rotation": 180, "texture": "#0"},
				"up": {"uv": [2, 8.5, 2.125, 8.625], "texture": "#0"},
				"down": {"uv": [6.75, 7.875, 6.875, 8], "texture": "#0"}
			}
		},
		{
			"from": [3.2, 18.6725, 7.5],
			"to": [4.2, 19.7725, 8.5],
			"rotation": {"angle": 45, "axis": "y", "origin": [8, 19.2225, 8]},
			"faces": {
				"north": {"uv": [8.75, 1, 8.625, 1.125], "texture": "#0"},
				"east": {"uv": [8.625, 1.375, 8.75, 1.25], "rotation": 180, "texture": "#0"},
				"south": {"uv": [1.5, 8.625, 1.25, 8.75], "texture": "#0"},
				"west": {"uv": [8.625, 1.25, 8.75, 1.125], "rotation": 180, "texture": "#0"},
				"up": {"uv": [2, 8.625, 2.125, 8.75], "texture": "#0"},
				"down": {"uv": [6.75, 7.875, 6.875, 8], "texture": "#0"}
			}
		},
		{
			"from": [4.2, 18.6725, 6.5],
			"to": [5.2, 19.7725, 7.5],
			"rotation": {"angle": 45, "axis": "y", "origin": [8, 19.2225, 8]},
			"faces": {
				"north": {"uv": [8.75, 1, 8.625, 1.125], "texture": "#0"},
				"east": {"uv": [8.625, 1.375, 8.75, 1.25], "rotation": 180, "texture": "#0"},
				"south": {"uv": [1.5, 8.625, 1.25, 8.75], "texture": "#0"},
				"west": {"uv": [8.625, 1.25, 8.75, 1.125], "rotation": 180, "texture": "#0"},
				"up": {"uv": [1.25, 8.625, 1.5, 8.75], "texture": "#0"},
				"down": {"uv": [6.75, 7.875, 6.875, 8], "texture": "#0"}
			}
		},
		{
			"from": [9.83345, 18.6725, 9.83345],
			"to": [10.83345, 19.7725, 10.83345],
			"rotation": {"angle": -45, "axis": "y", "origin": [10.33345, 19.2225, 10.33345]},
			"faces": {
				"north": {"uv": [8.625, 1, 8.75, 1.125], "texture": "#0"},
				"east": {"uv": [8.75, 1.25, 8.625, 1.125], "rotation": 180, "texture": "#0"},
				"south": {"uv": [1.25, 8.625, 1.5, 8.75], "texture": "#0"},
				"west": {"uv": [8.75, 1.375, 8.625, 1.25], "rotation": 180, "texture": "#0"},
				"up": {"uv": [1.25, 8.625, 1.5, 8.75], "texture": "#0"},
				"down": {"uv": [6.875, 7.875, 6.75, 8], "texture": "#0"}
			}
		},
		{
			"from": [9.43345, 19.2725, 9.83345],
			"to": [10.43345, 20.3725, 10.83345],
			"rotation": {"angle": -45, "axis": "z", "origin": [10.33345, 19.2225, 10.33345]},
			"faces": {
				"north": {"uv": [8.625, 1, 8.75, 1.125], "texture": "#0"},
				"east": {"uv": [8.75, 1.25, 8.625, 1.125], "rotation": 180, "texture": "#0"},
				"south": {"uv": [1.25, 8.625, 1.5, 8.75], "texture": "#0"},
				"west": {"uv": [8.75, 1.375, 8.625, 1.25], "rotation": 180, "texture": "#0"},
				"up": {"uv": [1.25, 8.625, 1.5, 8.75], "texture": "#0"},
				"down": {"uv": [6.875, 7.875, 6.75, 8], "texture": "#0"}
			}
		},
		{
			"from": [9.43345, 19.2725, 5.23345],
			"to": [10.43345, 20.3725, 6.23345],
			"rotation": {"angle": -45, "axis": "z", "origin": [10.33345, 19.2225, 10.33345]},
			"faces": {
				"north": {"uv": [8.625, 1, 8.75, 1.125], "texture": "#0"},
				"east": {"uv": [8.75, 1.25, 8.625, 1.125], "rotation": 180, "texture": "#0"},
				"south": {"uv": [1.25, 8.625, 1.5, 8.75], "texture": "#0"},
				"west": {"uv": [8.75, 1.375, 8.625, 1.25], "rotation": 180, "texture": "#0"},
				"up": {"uv": [1.25, 8.625, 1.5, 8.75], "texture": "#0"},
				"down": {"uv": [6.875, 7.875, 6.75, 8], "texture": "#0"}
			}
		},
		{
			"from": [4.53345, 19.2725, 5.23345],
			"to": [5.53345, 20.3725, 6.23345],
			"rotation": {"angle": -45, "axis": "z", "origin": [5.43345, 19.2225, 10.33345]},
			"faces": {
				"north": {"uv": [8.625, 1, 8.75, 1.125], "texture": "#0"},
				"east": {"uv": [8.75, 1.25, 8.625, 1.125], "rotation": 180, "texture": "#0"},
				"south": {"uv": [1.25, 8.625, 1.5, 8.75], "texture": "#0"},
				"west": {"uv": [8.75, 1.375, 8.625, 1.25], "rotation": 180, "texture": "#0"},
				"up": {"uv": [1.25, 8.625, 1.5, 8.75], "texture": "#0"},
				"down": {"uv": [6.875, 7.875, 6.75, 8], "texture": "#0"}
			}
		},
		{
			"from": [4.53345, 19.2725, 9.83345],
			"to": [5.53345, 20.3725, 10.83345],
			"rotation": {"angle": -45, "axis": "z", "origin": [5.43345, 19.2225, 10.33345]},
			"faces": {
				"north": {"uv": [8.625, 1, 8.75, 1.125], "texture": "#0"},
				"east": {"uv": [8.75, 1.25, 8.625, 1.125], "rotation": 180, "texture": "#0"},
				"south": {"uv": [1.25, 8.625, 1.5, 8.75], "texture": "#0"},
				"west": {"uv": [8.75, 1.375, 8.625, 1.25], "rotation": 180, "texture": "#0"},
				"up": {"uv": [1.25, 8.625, 1.5, 8.75], "texture": "#0"},
				"down": {"uv": [6.875, 7.875, 6.75, 8], "texture": "#0"}
			}
		},
		{
			"from": [7.5, 20.9725, 7.5],
			"to": [8.5, 22.0725, 8.5],
			"rotation": {"angle": 45, "axis": "x", "origin": [8, 21.5225, 8]},
			"faces": {
				"north": {"uv": [8.625, 1, 8.75, 1.125], "texture": "#0"},
				"east": {"uv": [8.75, 1.25, 8.625, 1.125], "rotation": 180, "texture": "#0"},
				"south": {"uv": [1.25, 8.625, 1.5, 8.75], "texture": "#0"},
				"west": {"uv": [8.75, 1.375, 8.625, 1.25], "rotation": 180, "texture": "#0"},
				"up": {"uv": [2, 8.125, 2.125, 8.25], "texture": "#0"},
				"down": {"uv": [6.875, 7.875, 6.75, 8], "texture": "#0"}
			}
		}
	],
	"display": {
		"thirdperson_righthand": {
			"translation": [0, 1.75, 0],
			"scale": [0.21875, 0.21875, 0.21875]
		},
		"thirdperson_lefthand": {
			"translation": [0, 1.75, 0],
			"scale": [0.21875, 0.21875, 0.21875]
		},
		"firstperson_righthand": {
			"translation": [2, 1.75, 0],
			"scale": [0.21875, 0.21875, 0.21875]
		},
		"firstperson_lefthand": {
			"translation": [2, 1.75, 0],
			"scale": [0.21875, 0.21875, 0.21875]
		},
		"ground": {
			"scale": [0.40039, 0.40039, 0.40039]
		},
		"gui": {
			"rotation": [22.75, -30.5, 0],
			"scale": [0.49609, 0.49609, 0.49609]
		},
		"head": {
			"translation": [0, -30.35, 0],
			"scale": [1.6, 1.6, 1.6]
		},
		"fixed": {
			"rotation": [-90, 0, 0],
			"translation": [0, 0, -13.75],
			"scale": [1.6, 1.6, 1.6]
		}
	},
	"groups": [
		0,
		1,
		2,
		3,
		4,
		5,
		6,
		7,
		8,
		9,
		10,
		11,
		12,
		13,
		14,
		15,
		16,
		17,
		18,
		19,
		20,
		21,
		22,
		23,
		24,
		25,
		26,
		27,
		28,
		29,
		30,
		31,
		32,
		33,
		34,
		35,
		36,
		37,
		38,
		39,
		40,
		41,
		42,
		43,
		44,
		45,
		46,
		47,
		48,
		49,
		50,
		51,
		52,
		53,
		54,
		55,
		56,
		57,
		58,
		59,
		60,
		61,
		62,
		63,
		{
			"name": "group",
			"origin": [8, 15.2225, 8],
			"color": 0,
			"boneType": "",
			"children": [64, 65, 66, 67, 68, 69, 70, 71, 72, 73, 74, 75, 76, 77, 78, 79, 80, 81, 82, 83, 84, 85, 86, 87, 88, 89, 90, 91, 92, 93, 94, 95, 96, 97, 98, 99, 100, 101, 102, 103, 104, 105, 106]
		}
	]
}