{
	"credit": "By Yassou, mail : yassou.pro.mc@gmail.com",
	"texture_size": [128, 128],
	"textures": {
		"3": "lootcrat_plus:rare/emerald_box"
	},
	"elements": [
		{
			"from": [7, -2, 7],
			"to": [10, 9, 8],
			"faces": {
				"north": {"uv": [7, 6, 8.375, 6.375], "rotation": 270, "texture": "#3"},
				"east": {"uv": [7.25, 6, 8.625, 6.125], "rotation": 270, "texture": "#3"},
				"south": {"uv": [7, 6, 8.375, 6.375], "rotation": 270, "texture": "#3"},
				"west": {"uv": [7.25, 6, 8.625, 6.125], "rotation": 270, "texture": "#3"},
				"up": {"uv": [8, 4.5, 8.125, 4.875], "rotation": 270, "texture": "#3"},
				"down": {"uv": [8, 4.5, 8.125, 4.875], "rotation": 270, "texture": "#3"}
			}
		},
		{
			"from": [6, 0, 7],
			"to": [7, 1, 8],
			"faces": {
				"north": {"uv": [8, 4.5, 8.125, 4.625], "rotation": 270, "texture": "#3"},
				"east": {"uv": [8, 4.5, 8.125, 4.625], "rotation": 270, "texture": "#3"},
				"south": {"uv": [8, 4.5, 8.125, 4.625], "rotation": 270, "texture": "#3"},
				"west": {"uv": [8, 4.5, 8.125, 4.625], "rotation": 270, "texture": "#3"},
				"up": {"uv": [8, 4.5, 8.125, 4.625], "rotation": 270, "texture": "#3"},
				"down": {"uv": [8, 4.5, 8.125, 4.625], "rotation": 270, "texture": "#3"}
			}
		},
		{
			"from": [6, 6, 7],
			"to": [7, 7, 8],
			"faces": {
				"north": {"uv": [8, 4.5, 8.125, 4.625], "rotation": 270, "texture": "#3"},
				"east": {"uv": [8, 4.5, 8.125, 4.625], "rotation": 270, "texture": "#3"},
				"south": {"uv": [8, 4.5, 8.125, 4.625], "rotation": 270, "texture": "#3"},
				"west": {"uv": [8, 4.5, 8.125, 4.625], "rotation": 270, "texture": "#3"},
				"up": {"uv": [8, 4.5, 8.125, 4.625], "rotation": 270, "texture": "#3"},
				"down": {"uv": [8, 4.5, 8.125, 4.625], "rotation": 270, "texture": "#3"}
			}
		},
		{
			"from": [4, 2, 7],
			"to": [7, 3, 8],
			"faces": {
				"north": {"uv": [8, 4.5, 8.125, 4.875], "rotation": 270, "texture": "#3"},
				"east": {"uv": [8, 4.5, 8.125, 4.625], "rotation": 270, "texture": "#3"},
				"south": {"uv": [8, 4.5, 8.125, 4.875], "rotation": 270, "texture": "#3"},
				"west": {"uv": [8, 4.5, 8.125, 4.625], "rotation": 270, "texture": "#3"},
				"up": {"uv": [8, 4.5, 8.125, 4.875], "rotation": 270, "texture": "#3"},
				"down": {"uv": [8, 4.5, 8.125, 4.875], "rotation": 270, "texture": "#3"}
			}
		},
		{
			"from": [10, 2, 7],
			"to": [13, 3, 8],
			"faces": {
				"north": {"uv": [8, 4.5, 8.125, 4.875], "rotation": 270, "texture": "#3"},
				"east": {"uv": [8, 4.5, 8.125, 4.625], "rotation": 270, "texture": "#3"},
				"south": {"uv": [8, 4.5, 8.125, 4.875], "rotation": 270, "texture": "#3"},
				"west": {"uv": [8, 4.5, 8.125, 4.625], "rotation": 270, "texture": "#3"},
				"up": {"uv": [8, 4.5, 8.125, 4.875], "rotation": 270, "texture": "#3"},
				"down": {"uv": [8, 4.5, 8.125, 4.875], "rotation": 270, "texture": "#3"}
			}
		},
		{
			"from": [10, 4, 7],
			"to": [11, 5, 8],
			"faces": {
				"north": {"uv": [8, 4.5, 8.125, 4.875], "rotation": 270, "texture": "#3"},
				"east": {"uv": [8, 4.5, 8.125, 4.625], "rotation": 270, "texture": "#3"},
				"south": {"uv": [8, 4.5, 8.125, 4.875], "rotation": 270, "texture": "#3"},
				"west": {"uv": [8, 4.5, 8.125, 4.625], "rotation": 270, "texture": "#3"},
				"up": {"uv": [8, 4.5, 8.125, 4.875], "rotation": 270, "texture": "#3"},
				"down": {"uv": [8, 4.5, 8.125, 4.875], "rotation": 270, "texture": "#3"}
			}
		},
		{
			"from": [10, 0, 7],
			"to": [11, 1, 8],
			"faces": {
				"north": {"uv": [8, 4.5, 8.125, 4.875], "rotation": 270, "texture": "#3"},
				"east": {"uv": [8, 4.5, 8.125, 4.625], "rotation": 270, "texture": "#3"},
				"south": {"uv": [8, 4.5, 8.125, 4.875], "rotation": 270, "texture": "#3"},
				"west": {"uv": [8, 4.5, 8.125, 4.625], "rotation": 270, "texture": "#3"},
				"up": {"uv": [8, 4.5, 8.125, 4.875], "rotation": 270, "texture": "#3"},
				"down": {"uv": [8, 4.5, 8.125, 4.875], "rotation": 270, "texture": "#3"}
			}
		},
		{
			"from": [4, -2, 7],
			"to": [7, -1, 8],
			"faces": {
				"north": {"uv": [8, 4.5, 8.125, 4.875], "rotation": 270, "texture": "#3"},
				"east": {"uv": [8, 4.5, 8.125, 4.625], "rotation": 270, "texture": "#3"},
				"south": {"uv": [8, 4.5, 8.125, 4.875], "rotation": 270, "texture": "#3"},
				"west": {"uv": [8, 4.5, 8.125, 4.625], "rotation": 270, "texture": "#3"},
				"up": {"uv": [8, 4.5, 8.125, 4.875], "rotation": 270, "texture": "#3"},
				"down": {"uv": [8, 4.5, 8.125, 4.875], "rotation": 270, "texture": "#3"}
			}
		},
		{
			"from": [5, 4, 7],
			"to": [7, 5, 8],
			"faces": {
				"north": {"uv": [8, 4.5, 8.125, 4.875], "rotation": 270, "texture": "#3"},
				"east": {"uv": [8, 4.5, 8.125, 4.625], "rotation": 270, "texture": "#3"},
				"south": {"uv": [8, 4.5, 8.125, 4.875], "rotation": 270, "texture": "#3"},
				"west": {"uv": [8, 4.5, 8.125, 4.625], "rotation": 270, "texture": "#3"},
				"up": {"uv": [8, 4.5, 8.125, 4.875], "rotation": 270, "texture": "#3"},
				"down": {"uv": [8, 4.5, 8.125, 4.875], "rotation": 270, "texture": "#3"}
			}
		},
		{
			"from": [2, 12, 6.8],
			"to": [5, 19, 8.2],
			"faces": {
				"north": {"uv": [8, 4.5, 8.375, 5.375], "texture": "#3"},
				"east": {"uv": [0, 0, 0.125, 0.125], "texture": "#3"},
				"south": {"uv": [8, 4.5, 8.375, 5.375], "texture": "#3"},
				"west": {"uv": [0, 0, 0.125, 0.125], "texture": "#3"},
				"up": {"uv": [0, 0, 0.625, 0.125], "texture": "#3"},
				"down": {"uv": [0, 0, 0.625, 0.125], "texture": "#3"}
			}
		},
		{
			"from": [12, 12, 6.8],
			"to": [15, 19, 8.2],
			"faces": {
				"north": {"uv": [8, 4.5, 8.375, 5.375], "texture": "#3"},
				"east": {"uv": [0, 0, 0.125, 0.125], "texture": "#3"},
				"south": {"uv": [8, 4.5, 8.375, 5.375], "texture": "#3"},
				"west": {"uv": [0, 0, 0.125, 0.125], "texture": "#3"},
				"up": {"uv": [0, 0, 0.625, 0.125], "texture": "#3"},
				"down": {"uv": [0, 0, 0.625, 0.125], "texture": "#3"}
			}
		},
		{
			"from": [12, 19, 6.8],
			"to": [13, 20, 8.2],
			"faces": {
				"north": {"uv": [8, 4.5, 8.125, 4.625], "texture": "#3"},
				"east": {"uv": [0, 0, 0.175, 0.125], "texture": "#3"},
				"south": {"uv": [8, 4.5, 8.125, 4.625], "texture": "#3"},
				"west": {"uv": [0, 0, 0.175, 0.125], "texture": "#3"},
				"up": {"uv": [0, 0, 0.125, 0.175], "texture": "#3"},
				"down": {"uv": [0, 0, 0.125, 0.175], "texture": "#3"}
			}
		},
		{
			"from": [13, 20, 6.8],
			"to": [14, 22, 8.2],
			"faces": {
				"north": {"uv": [8, 4.5, 8.125, 4.625], "texture": "#3"},
				"east": {"uv": [0, 0, 0.175, 0.125], "texture": "#3"},
				"south": {"uv": [8, 4.5, 8.125, 4.625], "texture": "#3"},
				"west": {"uv": [0, 0, 0.175, 0.125], "texture": "#3"},
				"up": {"uv": [0, 0, 0.125, 0.175], "texture": "#3"},
				"down": {"uv": [0, 0, 0.125, 0.175], "texture": "#3"}
			}
		},
		{
			"from": [12, 21, 6.8],
			"to": [13, 23, 8.2],
			"faces": {
				"north": {"uv": [8, 4.5, 8.125, 4.625], "texture": "#3"},
				"east": {"uv": [0, 0, 0.175, 0.125], "texture": "#3"},
				"south": {"uv": [8, 4.5, 8.125, 4.625], "texture": "#3"},
				"west": {"uv": [0, 0, 0.175, 0.125], "texture": "#3"},
				"up": {"uv": [0, 0, 0.125, 0.175], "texture": "#3"},
				"down": {"uv": [0, 0, 0.125, 0.175], "texture": "#3"}
			}
		},
		{
			"from": [9, 23, 6.8],
			"to": [10, 24, 8.2],
			"faces": {
				"north": {"uv": [8, 4.5, 8.125, 4.625], "texture": "#3"},
				"east": {"uv": [0, 0, 0.175, 0.125], "texture": "#3"},
				"south": {"uv": [8, 4.5, 8.125, 4.625], "texture": "#3"},
				"west": {"uv": [0, 0, 0.175, 0.125], "texture": "#3"},
				"up": {"uv": [0, 0, 0.125, 0.175], "texture": "#3"},
				"down": {"uv": [0, 0, 0.125, 0.175], "texture": "#3"}
			}
		},
		{
			"from": [10, 23, 6.8],
			"to": [11, 24, 8.2],
			"faces": {
				"north": {"uv": [8, 4.5, 8.125, 4.625], "texture": "#3"},
				"east": {"uv": [0, 0, 0.175, 0.125], "texture": "#3"},
				"south": {"uv": [8, 4.5, 8.125, 4.625], "texture": "#3"},
				"west": {"uv": [0, 0, 0.175, 0.125], "texture": "#3"},
				"up": {"uv": [0, 0, 0.125, 0.175], "texture": "#3"},
				"down": {"uv": [0, 0, 0.125, 0.175], "texture": "#3"}
			}
		},
		{
			"from": [10, 24, 6.8],
			"to": [11, 25, 8.2],
			"faces": {
				"north": {"uv": [8, 4.5, 8.125, 4.625], "texture": "#3"},
				"east": {"uv": [0, 0, 0.175, 0.125], "texture": "#3"},
				"south": {"uv": [8, 4.5, 8.125, 4.625], "texture": "#3"},
				"west": {"uv": [0, 0, 0.175, 0.125], "texture": "#3"},
				"up": {"uv": [0, 0, 0.125, 0.175], "texture": "#3"},
				"down": {"uv": [0, 0, 0.125, 0.175], "texture": "#3"}
			}
		},
		{
			"from": [9, 26, 6.8],
			"to": [10, 27, 8.2],
			"faces": {
				"north": {"uv": [8, 4.5, 8.125, 4.625], "texture": "#3"},
				"east": {"uv": [0, 0, 0.175, 0.125], "texture": "#3"},
				"south": {"uv": [8, 4.5, 8.125, 4.625], "texture": "#3"},
				"west": {"uv": [0, 0, 0.175, 0.125], "texture": "#3"},
				"up": {"uv": [0, 0, 0.125, 0.175], "texture": "#3"},
				"down": {"uv": [0, 0, 0.125, 0.175], "texture": "#3"}
			}
		},
		{
			"from": [7, 26, 6.8],
			"to": [8, 27, 8.2],
			"faces": {
				"north": {"uv": [8, 4.5, 8.125, 4.625], "texture": "#3"},
				"east": {"uv": [0, 0, 0.175, 0.125], "texture": "#3"},
				"south": {"uv": [8, 4.5, 8.125, 4.625], "texture": "#3"},
				"west": {"uv": [0, 0, 0.175, 0.125], "texture": "#3"},
				"up": {"uv": [0, 0, 0.125, 0.175], "texture": "#3"},
				"down": {"uv": [0, 0, 0.125, 0.175], "texture": "#3"}
			}
		},
		{
			"from": [10, 26, 6.8],
			"to": [11, 27, 8.2],
			"faces": {
				"north": {"uv": [8, 4.5, 8.125, 4.625], "texture": "#3"},
				"east": {"uv": [0, 0, 0.175, 0.125], "texture": "#3"},
				"south": {"uv": [8, 4.5, 8.125, 4.625], "texture": "#3"},
				"west": {"uv": [0, 0, 0.175, 0.125], "texture": "#3"},
				"up": {"uv": [0, 0, 0.125, 0.175], "texture": "#3"},
				"down": {"uv": [0, 0, 0.125, 0.175], "texture": "#3"}
			}
		},
		{
			"from": [10, 25, 6.8],
			"to": [11, 26, 8.2],
			"faces": {
				"north": {"uv": [8, 4.5, 8.125, 4.625], "texture": "#3"},
				"east": {"uv": [0, 0, 0.175, 0.125], "texture": "#3"},
				"south": {"uv": [8, 4.5, 8.125, 4.625], "texture": "#3"},
				"west": {"uv": [0, 0, 0.175, 0.125], "texture": "#3"},
				"up": {"uv": [0, 0, 0.125, 0.175], "texture": "#3"},
				"down": {"uv": [0, 0, 0.125, 0.175], "texture": "#3"}
			}
		},
		{
			"from": [6, 25, 6.8],
			"to": [7, 26, 8.2],
			"faces": {
				"north": {"uv": [8, 4.5, 8.125, 4.625], "texture": "#3"},
				"east": {"uv": [0, 0, 0.175, 0.125], "texture": "#3"},
				"south": {"uv": [8, 4.5, 8.125, 4.625], "texture": "#3"},
				"west": {"uv": [0, 0, 0.175, 0.125], "texture": "#3"},
				"up": {"uv": [0, 0, 0.125, 0.175], "texture": "#3"},
				"down": {"uv": [0, 0, 0.125, 0.175], "texture": "#3"}
			}
		},
		{
			"from": [6, 26, 6.8],
			"to": [7, 27, 8.2],
			"faces": {
				"north": {"uv": [8, 4.5, 8.125, 4.625], "texture": "#3"},
				"east": {"uv": [0, 0, 0.175, 0.125], "texture": "#3"},
				"south": {"uv": [8, 4.5, 8.125, 4.625], "texture": "#3"},
				"west": {"uv": [0, 0, 0.175, 0.125], "texture": "#3"},
				"up": {"uv": [0, 0, 0.125, 0.175], "texture": "#3"},
				"down": {"uv": [0, 0, 0.125, 0.175], "texture": "#3"}
			}
		},
		{
			"from": [7, 23, 6.8],
			"to": [8, 24, 8.2],
			"faces": {
				"north": {"uv": [8, 4.5, 8.125, 4.625], "texture": "#3"},
				"east": {"uv": [0, 0, 0.175, 0.125], "texture": "#3"},
				"south": {"uv": [8, 4.5, 8.125, 4.625], "texture": "#3"},
				"west": {"uv": [0, 0, 0.175, 0.125], "texture": "#3"},
				"up": {"uv": [0, 0, 0.125, 0.175], "texture": "#3"},
				"down": {"uv": [0, 0, 0.125, 0.175], "texture": "#3"}
			}
		},
		{
			"from": [6, 23, 6.8],
			"to": [7, 24, 8.2],
			"faces": {
				"north": {"uv": [8, 4.5, 8.125, 4.625], "texture": "#3"},
				"east": {"uv": [0, 0, 0.175, 0.125], "texture": "#3"},
				"south": {"uv": [8, 4.5, 8.125, 4.625], "texture": "#3"},
				"west": {"uv": [0, 0, 0.175, 0.125], "texture": "#3"},
				"up": {"uv": [0, 0, 0.125, 0.175], "texture": "#3"},
				"down": {"uv": [0, 0, 0.125, 0.175], "texture": "#3"}
			}
		},
		{
			"from": [6, 24, 6.8],
			"to": [7, 25, 8.2],
			"faces": {
				"north": {"uv": [8, 4.5, 8.125, 4.625], "texture": "#3"},
				"east": {"uv": [0, 0, 0.175, 0.125], "texture": "#3"},
				"south": {"uv": [8, 4.5, 8.125, 4.625], "texture": "#3"},
				"west": {"uv": [0, 0, 0.175, 0.125], "texture": "#3"},
				"up": {"uv": [0, 0, 0.125, 0.175], "texture": "#3"},
				"down": {"uv": [0, 0, 0.125, 0.175], "texture": "#3"}
			}
		},
		{
			"from": [8, 22, 6.8],
			"to": [9, 23, 8.2],
			"faces": {
				"north": {"uv": [8, 4.5, 8.125, 4.625], "texture": "#3"},
				"east": {"uv": [0, 0, 0.175, 0.125], "texture": "#3"},
				"south": {"uv": [8, 4.5, 8.125, 4.625], "texture": "#3"},
				"west": {"uv": [0, 0, 0.175, 0.125], "texture": "#3"},
				"up": {"uv": [0, 0, 0.125, 0.175], "texture": "#3"},
				"down": {"uv": [0, 0, 0.125, 0.175], "texture": "#3"}
			}
		},
		{
			"from": [10, 12, 6.5],
			"to": [11, 13, 8.6],
			"faces": {
				"north": {"uv": [8.125, 4.75, 8.25, 4.875], "rotation": 270, "texture": "#3"},
				"east": {"uv": [8.125, 4.75, 8.25, 4.875], "rotation": 270, "texture": "#3"},
				"south": {"uv": [8.125, 4.75, 8.25, 4.875], "rotation": 270, "texture": "#3"},
				"west": {"uv": [8.125, 4.75, 8.25, 4.875], "rotation": 270, "texture": "#3"},
				"up": {"uv": [8.125, 4.75, 8.25, 4.875], "rotation": 270, "texture": "#3"},
				"down": {"uv": [8.125, 4.75, 8.25, 4.875], "rotation": 270, "texture": "#3"}
			}
		},
		{
			"from": [11, 13, 6.5],
			"to": [12, 14, 8.6],
			"faces": {
				"north": {"uv": [8.125, 4.75, 8.25, 4.875], "rotation": 270, "texture": "#3"},
				"east": {"uv": [8.125, 4.75, 8.25, 4.875], "rotation": 270, "texture": "#3"},
				"south": {"uv": [8.125, 4.75, 8.25, 4.875], "rotation": 270, "texture": "#3"},
				"west": {"uv": [8.125, 4.75, 8.25, 4.875], "rotation": 270, "texture": "#3"},
				"up": {"uv": [8.125, 4.75, 8.25, 4.875], "rotation": 270, "texture": "#3"},
				"down": {"uv": [8.125, 4.75, 8.25, 4.875], "rotation": 270, "texture": "#3"}
			}
		},
		{
			"from": [6, 12, 6.5],
			"to": [7, 13, 8.6],
			"faces": {
				"north": {"uv": [8.125, 4.75, 8.25, 4.875], "rotation": 270, "texture": "#3"},
				"east": {"uv": [8.125, 4.75, 8.25, 4.875], "rotation": 270, "texture": "#3"},
				"south": {"uv": [8.125, 4.75, 8.25, 4.875], "rotation": 270, "texture": "#3"},
				"west": {"uv": [8.125, 4.75, 8.25, 4.875], "rotation": 270, "texture": "#3"},
				"up": {"uv": [8.125, 4.75, 8.25, 4.875], "rotation": 270, "texture": "#3"},
				"down": {"uv": [8.125, 4.75, 8.25, 4.875], "rotation": 270, "texture": "#3"}
			}
		},
		{
			"from": [5, 13, 6.5],
			"to": [6, 14, 8.6],
			"faces": {
				"north": {"uv": [8.125, 4.75, 8.25, 4.875], "rotation": 270, "texture": "#3"},
				"east": {"uv": [8.125, 4.75, 8.25, 4.875], "rotation": 270, "texture": "#3"},
				"south": {"uv": [8.125, 4.75, 8.25, 4.875], "rotation": 270, "texture": "#3"},
				"west": {"uv": [8.125, 4.75, 8.25, 4.875], "rotation": 270, "texture": "#3"},
				"up": {"uv": [8.125, 4.75, 8.25, 4.875], "rotation": 270, "texture": "#3"},
				"down": {"uv": [8.125, 4.75, 8.25, 4.875], "rotation": 270, "texture": "#3"}
			}
		},
		{
			"from": [6, 18, 6.5],
			"to": [7, 19, 8.6],
			"faces": {
				"north": {"uv": [8.125, 4.75, 8.25, 4.875], "rotation": 270, "texture": "#3"},
				"east": {"uv": [8.125, 4.75, 8.25, 4.875], "rotation": 270, "texture": "#3"},
				"south": {"uv": [8.125, 4.75, 8.25, 4.875], "rotation": 270, "texture": "#3"},
				"west": {"uv": [8.125, 4.75, 8.25, 4.875], "rotation": 270, "texture": "#3"},
				"up": {"uv": [8.125, 4.75, 8.25, 4.875], "rotation": 270, "texture": "#3"},
				"down": {"uv": [8.125, 4.75, 8.25, 4.875], "rotation": 270, "texture": "#3"}
			}
		},
		{
			"from": [5, 17, 6.5],
			"to": [6, 18, 8.6],
			"faces": {
				"north": {"uv": [8.125, 4.75, 8.25, 4.875], "rotation": 270, "texture": "#3"},
				"east": {"uv": [8.125, 4.75, 8.25, 4.875], "rotation": 270, "texture": "#3"},
				"south": {"uv": [8.125, 4.75, 8.25, 4.875], "rotation": 270, "texture": "#3"},
				"west": {"uv": [8.125, 4.75, 8.25, 4.875], "rotation": 270, "texture": "#3"},
				"up": {"uv": [8.125, 4.75, 8.25, 4.875], "rotation": 270, "texture": "#3"},
				"down": {"uv": [8.125, 4.75, 8.25, 4.875], "rotation": 270, "texture": "#3"}
			}
		},
		{
			"from": [10, 18, 6.5],
			"to": [11, 19, 8.6],
			"faces": {
				"north": {"uv": [8.125, 4.75, 8.25, 4.875], "rotation": 270, "texture": "#3"},
				"east": {"uv": [8.125, 4.75, 8.25, 4.875], "rotation": 270, "texture": "#3"},
				"south": {"uv": [8.125, 4.75, 8.25, 4.875], "rotation": 270, "texture": "#3"},
				"west": {"uv": [8.125, 4.75, 8.25, 4.875], "rotation": 270, "texture": "#3"},
				"up": {"uv": [8.125, 4.75, 8.25, 4.875], "rotation": 270, "texture": "#3"},
				"down": {"uv": [8.125, 4.75, 8.25, 4.875], "rotation": 270, "texture": "#3"}
			}
		},
		{
			"from": [8, 16, 6.5],
			"to": [9, 17, 8.6],
			"faces": {
				"north": {"uv": [8.125, 4.75, 8.25, 4.875], "rotation": 270, "texture": "#3"},
				"east": {"uv": [8.125, 4.75, 8.25, 4.875], "rotation": 270, "texture": "#3"},
				"south": {"uv": [8.125, 4.75, 8.25, 4.875], "rotation": 270, "texture": "#3"},
				"west": {"uv": [8.125, 4.75, 8.25, 4.875], "rotation": 270, "texture": "#3"},
				"up": {"uv": [8.125, 4.75, 8.25, 4.875], "rotation": 270, "texture": "#3"},
				"down": {"uv": [8.125, 4.75, 8.25, 4.875], "rotation": 270, "texture": "#3"}
			}
		},
		{
			"from": [8, 24, 6.5],
			"to": [9, 25, 8.6],
			"faces": {
				"north": {"uv": [8.125, 4.75, 8.25, 4.875], "rotation": 270, "texture": "#3"},
				"east": {"uv": [8.125, 4.75, 8.25, 4.875], "rotation": 270, "texture": "#3"},
				"south": {"uv": [8.125, 4.75, 8.25, 4.875], "rotation": 270, "texture": "#3"},
				"west": {"uv": [8.125, 4.75, 8.25, 4.875], "rotation": 270, "texture": "#3"},
				"up": {"uv": [8.125, 4.75, 8.25, 4.875], "rotation": 270, "texture": "#3"},
				"down": {"uv": [8.125, 4.75, 8.25, 4.875], "rotation": 270, "texture": "#3"}
			}
		},
		{
			"from": [8, 14, 6.5],
			"to": [9, 15, 8.6],
			"faces": {
				"north": {"uv": [8.125, 4.75, 8.25, 4.875], "rotation": 270, "texture": "#3"},
				"east": {"uv": [8.125, 4.75, 8.25, 4.875], "rotation": 270, "texture": "#3"},
				"south": {"uv": [8.125, 4.75, 8.25, 4.875], "rotation": 270, "texture": "#3"},
				"west": {"uv": [8.125, 4.75, 8.25, 4.875], "rotation": 270, "texture": "#3"},
				"up": {"uv": [8.125, 4.75, 8.25, 4.875], "rotation": 270, "texture": "#3"},
				"down": {"uv": [8.125, 4.75, 8.25, 4.875], "rotation": 270, "texture": "#3"}
			}
		},
		{
			"from": [9, 15, 6.5],
			"to": [10, 16, 8.6],
			"faces": {
				"north": {"uv": [8.125, 4.75, 8.25, 4.875], "rotation": 270, "texture": "#3"},
				"east": {"uv": [8.125, 4.75, 8.25, 4.875], "rotation": 270, "texture": "#3"},
				"south": {"uv": [8.125, 4.75, 8.25, 4.875], "rotation": 270, "texture": "#3"},
				"west": {"uv": [8.125, 4.75, 8.25, 4.875], "rotation": 270, "texture": "#3"},
				"up": {"uv": [8.125, 4.75, 8.25, 4.875], "rotation": 270, "texture": "#3"},
				"down": {"uv": [8.125, 4.75, 8.25, 4.875], "rotation": 270, "texture": "#3"}
			}
		},
		{
			"from": [7, 15, 6.5],
			"to": [8, 16, 8.6],
			"faces": {
				"north": {"uv": [8.125, 4.75, 8.25, 4.875], "rotation": 270, "texture": "#3"},
				"east": {"uv": [8.125, 4.75, 8.25, 4.875], "rotation": 270, "texture": "#3"},
				"south": {"uv": [8.125, 4.75, 8.25, 4.875], "rotation": 270, "texture": "#3"},
				"west": {"uv": [8.125, 4.75, 8.25, 4.875], "rotation": 270, "texture": "#3"},
				"up": {"uv": [8.125, 4.75, 8.25, 4.875], "rotation": 270, "texture": "#3"},
				"down": {"uv": [8.125, 4.75, 8.25, 4.875], "rotation": 270, "texture": "#3"}
			}
		},
		{
			"from": [0, 15, 6.5],
			"to": [1, 16, 8.6],
			"faces": {
				"north": {"uv": [8.125, 4.75, 8.25, 4.875], "rotation": 270, "texture": "#3"},
				"east": {"uv": [8.125, 4.75, 8.25, 4.875], "rotation": 270, "texture": "#3"},
				"south": {"uv": [8.125, 4.75, 8.25, 4.875], "rotation": 270, "texture": "#3"},
				"west": {"uv": [8.125, 4.75, 8.25, 4.875], "rotation": 270, "texture": "#3"},
				"up": {"uv": [8.125, 4.75, 8.25, 4.875], "rotation": 270, "texture": "#3"},
				"down": {"uv": [8.125, 4.75, 8.25, 4.875], "rotation": 270, "texture": "#3"}
			}
		},
		{
			"from": [16, 15, 6.5],
			"to": [17, 16, 8.6],
			"faces": {
				"north": {"uv": [8.125, 4.75, 8.25, 4.875], "rotation": 270, "texture": "#3"},
				"east": {"uv": [8.125, 4.75, 8.25, 4.875], "rotation": 270, "texture": "#3"},
				"south": {"uv": [8.125, 4.75, 8.25, 4.875], "rotation": 270, "texture": "#3"},
				"west": {"uv": [8.125, 4.75, 8.25, 4.875], "rotation": 270, "texture": "#3"},
				"up": {"uv": [8.125, 4.75, 8.25, 4.875], "rotation": 270, "texture": "#3"},
				"down": {"uv": [8.125, 4.75, 8.25, 4.875], "rotation": 270, "texture": "#3"}
			}
		},
		{
			"from": [11, 17, 6.5],
			"to": [12, 18, 8.6],
			"faces": {
				"north": {"uv": [8.125, 4.75, 8.25, 4.875], "rotation": 270, "texture": "#3"},
				"east": {"uv": [8.125, 4.75, 8.25, 4.875], "rotation": 270, "texture": "#3"},
				"south": {"uv": [8.125, 4.75, 8.25, 4.875], "rotation": 270, "texture": "#3"},
				"west": {"uv": [8.125, 4.75, 8.25, 4.875], "rotation": 270, "texture": "#3"},
				"up": {"uv": [8.125, 4.75, 8.25, 4.875], "rotation": 270, "texture": "#3"},
				"down": {"uv": [8.125, 4.75, 8.25, 4.875], "rotation": 270, "texture": "#3"}
			}
		},
		{
			"from": [11, 15, 6.5],
			"to": [12, 16, 8.6],
			"faces": {
				"north": {"uv": [8.125, 4.75, 8.25, 4.875], "rotation": 270, "texture": "#3"},
				"east": {"uv": [8.125, 4.75, 8.25, 4.875], "rotation": 270, "texture": "#3"},
				"south": {"uv": [8.125, 4.75, 8.25, 4.875], "rotation": 270, "texture": "#3"},
				"west": {"uv": [8.125, 4.75, 8.25, 4.875], "rotation": 270, "texture": "#3"},
				"up": {"uv": [8.125, 4.75, 8.25, 4.875], "rotation": 270, "texture": "#3"},
				"down": {"uv": [8.125, 4.75, 8.25, 4.875], "rotation": 270, "texture": "#3"}
			}
		},
		{
			"from": [5, 15, 6.5],
			"to": [6, 16, 8.6],
			"faces": {
				"north": {"uv": [8.125, 4.75, 8.25, 4.875], "rotation": 270, "texture": "#3"},
				"east": {"uv": [8.125, 4.75, 8.25, 4.875], "rotation": 270, "texture": "#3"},
				"south": {"uv": [8.125, 4.75, 8.25, 4.875], "rotation": 270, "texture": "#3"},
				"west": {"uv": [8.125, 4.75, 8.25, 4.875], "rotation": 270, "texture": "#3"},
				"up": {"uv": [8.125, 4.75, 8.25, 4.875], "rotation": 270, "texture": "#3"},
				"down": {"uv": [8.125, 4.75, 8.25, 4.875], "rotation": 270, "texture": "#3"}
			}
		},
		{
			"from": [8, 18, 6.5],
			"to": [9, 19, 8.6],
			"faces": {
				"north": {"uv": [8.125, 4.75, 8.25, 4.875], "rotation": 270, "texture": "#3"},
				"east": {"uv": [8.125, 4.75, 8.25, 4.875], "rotation": 270, "texture": "#3"},
				"south": {"uv": [8.125, 4.75, 8.25, 4.875], "rotation": 270, "texture": "#3"},
				"west": {"uv": [8.125, 4.75, 8.25, 4.875], "rotation": 270, "texture": "#3"},
				"up": {"uv": [8.125, 4.75, 8.25, 4.875], "rotation": 270, "texture": "#3"},
				"down": {"uv": [8.125, 4.75, 8.25, 4.875], "rotation": 270, "texture": "#3"}
			}
		},
		{
			"from": [8, 12, 6.5],
			"to": [9, 13, 8.6],
			"faces": {
				"north": {"uv": [8.125, 4.75, 8.25, 4.875], "rotation": 270, "texture": "#3"},
				"east": {"uv": [8.125, 4.75, 8.25, 4.875], "rotation": 270, "texture": "#3"},
				"south": {"uv": [8.125, 4.75, 8.25, 4.875], "rotation": 270, "texture": "#3"},
				"west": {"uv": [8.125, 4.75, 8.25, 4.875], "rotation": 270, "texture": "#3"},
				"up": {"uv": [8.125, 4.75, 8.25, 4.875], "rotation": 270, "texture": "#3"},
				"down": {"uv": [8.125, 4.75, 8.25, 4.875], "rotation": 270, "texture": "#3"}
			}
		},
		{
			"from": [6.9, 14.9, 6.5],
			"to": [8.1, 16.1, 8.6],
			"rotation": {"angle": -45, "axis": "z", "origin": [8.5, 15.5, 7.55]},
			"faces": {
				"north": {"uv": [8.125, 4.75, 8.25, 4.875], "rotation": 270, "texture": "#3"},
				"east": {"uv": [8.125, 4.75, 8.25, 4.875], "rotation": 270, "texture": "#3"},
				"south": {"uv": [8.125, 4.75, 8.25, 4.875], "rotation": 270, "texture": "#3"},
				"west": {"uv": [8.125, 4.75, 8.25, 4.875], "rotation": 270, "texture": "#3"},
				"up": {"uv": [8.125, 4.75, 8.25, 4.875], "rotation": 270, "texture": "#3"},
				"down": {"uv": [8.125, 4.75, 8.25, 4.875], "rotation": 270, "texture": "#3"}
			}
		},
		{
			"from": [8.9, 14.9, 6.5],
			"to": [10.1, 16.1, 8.6],
			"rotation": {"angle": -45, "axis": "z", "origin": [8.5, 15.5, 7.55]},
			"faces": {
				"north": {"uv": [8.125, 4.75, 8.25, 4.875], "rotation": 270, "texture": "#3"},
				"east": {"uv": [8.125, 4.75, 8.25, 4.875], "rotation": 270, "texture": "#3"},
				"south": {"uv": [8.125, 4.75, 8.25, 4.875], "rotation": 270, "texture": "#3"},
				"west": {"uv": [8.125, 4.75, 8.25, 4.875], "rotation": 270, "texture": "#3"},
				"up": {"uv": [8.125, 4.75, 8.25, 4.875], "rotation": 270, "texture": "#3"},
				"down": {"uv": [8.125, 4.75, 8.25, 4.875], "rotation": 270, "texture": "#3"}
			}
		},
		{
			"from": [8.9, 14.9, 6.5],
			"to": [10.1, 16.1, 8.6],
			"rotation": {"angle": 45, "axis": "z", "origin": [8.5, 15.5, 7.55]},
			"faces": {
				"north": {"uv": [8.125, 4.75, 8.25, 4.875], "rotation": 270, "texture": "#3"},
				"east": {"uv": [8.125, 4.75, 8.25, 4.875], "rotation": 270, "texture": "#3"},
				"south": {"uv": [8.125, 4.75, 8.25, 4.875], "rotation": 270, "texture": "#3"},
				"west": {"uv": [8.125, 4.75, 8.25, 4.875], "rotation": 270, "texture": "#3"},
				"up": {"uv": [8.125, 4.75, 8.25, 4.875], "rotation": 270, "texture": "#3"},
				"down": {"uv": [8.125, 4.75, 8.25, 4.875], "rotation": 270, "texture": "#3"}
			}
		},
		{
			"from": [6.9, 14.9, 6.5],
			"to": [8.1, 16.1, 8.6],
			"rotation": {"angle": 45, "axis": "z", "origin": [8.5, 15.5, 7.55]},
			"faces": {
				"north": {"uv": [8.125, 4.75, 8.25, 4.875], "rotation": 270, "texture": "#3"},
				"east": {"uv": [8.125, 4.75, 8.25, 4.875], "rotation": 270, "texture": "#3"},
				"south": {"uv": [8.125, 4.75, 8.25, 4.875], "rotation": 270, "texture": "#3"},
				"west": {"uv": [8.125, 4.75, 8.25, 4.875], "rotation": 270, "texture": "#3"},
				"up": {"uv": [8.125, 4.75, 8.25, 4.875], "rotation": 270, "texture": "#3"},
				"down": {"uv": [8.125, 4.75, 8.25, 4.875], "rotation": 270, "texture": "#3"}
			}
		},
		{
			"from": [2.9, 9.9, 6.5],
			"to": [4.1, 11.1, 8.6],
			"faces": {
				"north": {"uv": [8.125, 4.75, 8.25, 4.875], "rotation": 270, "texture": "#3"},
				"east": {"uv": [8.125, 4.75, 8.25, 4.875], "rotation": 270, "texture": "#3"},
				"south": {"uv": [8.125, 4.75, 8.25, 4.875], "rotation": 270, "texture": "#3"},
				"west": {"uv": [8.125, 4.75, 8.25, 4.875], "rotation": 270, "texture": "#3"},
				"up": {"uv": [8.125, 4.75, 8.25, 4.875], "rotation": 270, "texture": "#3"},
				"down": {"uv": [8.125, 4.75, 8.25, 4.875], "rotation": 270, "texture": "#3"}
			}
		},
		{
			"from": [2.9, 19.9, 6.5],
			"to": [4.1, 21.1, 8.6],
			"faces": {
				"north": {"uv": [8.125, 4.75, 8.25, 4.875], "rotation": 270, "texture": "#3"},
				"east": {"uv": [8.125, 4.75, 8.25, 4.875], "rotation": 270, "texture": "#3"},
				"south": {"uv": [8.125, 4.75, 8.25, 4.875], "rotation": 270, "texture": "#3"},
				"west": {"uv": [8.125, 4.75, 8.25, 4.875], "rotation": 270, "texture": "#3"},
				"up": {"uv": [8.125, 4.75, 8.25, 4.875], "rotation": 270, "texture": "#3"},
				"down": {"uv": [8.125, 4.75, 8.25, 4.875], "rotation": 270, "texture": "#3"}
			}
		},
		{
			"from": [12.9, 19.9, 6.5],
			"to": [14.1, 21.1, 8.6],
			"faces": {
				"north": {"uv": [8.125, 4.75, 8.25, 4.875], "rotation": 270, "texture": "#3"},
				"east": {"uv": [8.125, 4.75, 8.25, 4.875], "rotation": 270, "texture": "#3"},
				"south": {"uv": [8.125, 4.75, 8.25, 4.875], "rotation": 270, "texture": "#3"},
				"west": {"uv": [8.125, 4.75, 8.25, 4.875], "rotation": 270, "texture": "#3"},
				"up": {"uv": [8.125, 4.75, 8.25, 4.875], "rotation": 270, "texture": "#3"},
				"down": {"uv": [8.125, 4.75, 8.25, 4.875], "rotation": 270, "texture": "#3"}
			}
		},
		{
			"from": [12.9, 9.9, 6.5],
			"to": [14.1, 11.1, 8.6],
			"faces": {
				"north": {"uv": [8.125, 4.75, 8.25, 4.875], "rotation": 270, "texture": "#3"},
				"east": {"uv": [8.125, 4.75, 8.25, 4.875], "rotation": 270, "texture": "#3"},
				"south": {"uv": [8.125, 4.75, 8.25, 4.875], "rotation": 270, "texture": "#3"},
				"west": {"uv": [8.125, 4.75, 8.25, 4.875], "rotation": 270, "texture": "#3"},
				"up": {"uv": [8.125, 4.75, 8.25, 4.875], "rotation": 270, "texture": "#3"},
				"down": {"uv": [8.125, 4.75, 8.25, 4.875], "rotation": 270, "texture": "#3"}
			}
		},
		{
			"from": [13, 9, 6.8],
			"to": [14, 11, 8.2],
			"faces": {
				"north": {"uv": [8, 4.5, 8.125, 4.625], "texture": "#3"},
				"east": {"uv": [0, 0, 0.175, 0.125], "texture": "#3"},
				"south": {"uv": [8, 4.5, 8.125, 4.625], "texture": "#3"},
				"west": {"uv": [0, 0, 0.175, 0.125], "texture": "#3"},
				"up": {"uv": [0, 0, 0.125, 0.175], "texture": "#3"},
				"down": {"uv": [0, 0, 0.125, 0.175], "texture": "#3"}
			}
		},
		{
			"from": [12, 8, 6.8],
			"to": [13, 10, 8.2],
			"faces": {
				"north": {"uv": [8, 4.5, 8.125, 4.625], "texture": "#3"},
				"east": {"uv": [0, 0, 0.175, 0.125], "texture": "#3"},
				"south": {"uv": [8, 4.5, 8.125, 4.625], "texture": "#3"},
				"west": {"uv": [0, 0, 0.175, 0.125], "texture": "#3"},
				"up": {"uv": [0, 0, 0.125, 0.175], "texture": "#3"},
				"down": {"uv": [0, 0, 0.125, 0.175], "texture": "#3"}
			}
		},
		{
			"from": [16, 14, 6.8],
			"to": [17, 17, 8.2],
			"faces": {
				"north": {"uv": [8, 4.5, 8.125, 4.625], "texture": "#3"},
				"east": {"uv": [0, 0, 0.175, 0.125], "texture": "#3"},
				"south": {"uv": [8, 4.5, 8.125, 4.625], "texture": "#3"},
				"west": {"uv": [0, 0, 0.175, 0.125], "texture": "#3"},
				"up": {"uv": [0, 0, 0.125, 0.175], "texture": "#3"},
				"down": {"uv": [0, 0, 0.125, 0.175], "texture": "#3"}
			}
		},
		{
			"from": [15, 15, 6.8],
			"to": [18, 16, 8.2],
			"faces": {
				"north": {"uv": [8, 4.5, 8.125, 4.625], "texture": "#3"},
				"east": {"uv": [0, 0, 0.175, 0.125], "texture": "#3"},
				"south": {"uv": [8, 4.5, 8.125, 4.625], "texture": "#3"},
				"west": {"uv": [0, 0, 0.175, 0.125], "texture": "#3"},
				"up": {"uv": [0, 0, 0.125, 0.175], "texture": "#3"},
				"down": {"uv": [0, 0, 0.125, 0.175], "texture": "#3"}
			}
		},
		{
			"from": [-1, 15, 6.8],
			"to": [2, 16, 8.2],
			"faces": {
				"north": {"uv": [8, 4.5, 8.125, 4.625], "texture": "#3"},
				"east": {"uv": [0, 0, 0.175, 0.125], "texture": "#3"},
				"south": {"uv": [8, 4.5, 8.125, 4.625], "texture": "#3"},
				"west": {"uv": [0, 0, 0.175, 0.125], "texture": "#3"},
				"up": {"uv": [0, 0, 0.125, 0.175], "texture": "#3"},
				"down": {"uv": [0, 0, 0.125, 0.175], "texture": "#3"}
			}
		},
		{
			"from": [0, 14, 6.8],
			"to": [1, 17, 8.2],
			"faces": {
				"north": {"uv": [8, 4.5, 8.125, 4.625], "texture": "#3"},
				"east": {"uv": [0, 0, 0.175, 0.125], "texture": "#3"},
				"south": {"uv": [8, 4.5, 8.125, 4.625], "texture": "#3"},
				"west": {"uv": [0, 0, 0.175, 0.125], "texture": "#3"},
				"up": {"uv": [0, 0, 0.125, 0.175], "texture": "#3"},
				"down": {"uv": [0, 0, 0.125, 0.175], "texture": "#3"}
			}
		},
		{
			"from": [3, 9, 6.8],
			"to": [4, 11, 8.2],
			"faces": {
				"north": {"uv": [8, 4.5, 8.125, 4.625], "texture": "#3"},
				"east": {"uv": [0, 0, 0.175, 0.125], "texture": "#3"},
				"south": {"uv": [8, 4.5, 8.125, 4.625], "texture": "#3"},
				"west": {"uv": [0, 0, 0.175, 0.125], "texture": "#3"},
				"up": {"uv": [0, 0, 0.125, 0.175], "texture": "#3"},
				"down": {"uv": [0, 0, 0.125, 0.175], "texture": "#3"}
			}
		},
		{
			"from": [4, 8, 6.8],
			"to": [5, 10, 8.2],
			"faces": {
				"north": {"uv": [8, 4.5, 8.125, 4.625], "texture": "#3"},
				"east": {"uv": [0, 0, 0.175, 0.125], "texture": "#3"},
				"south": {"uv": [8, 4.5, 8.125, 4.625], "texture": "#3"},
				"west": {"uv": [0, 0, 0.175, 0.125], "texture": "#3"},
				"up": {"uv": [0, 0, 0.125, 0.175], "texture": "#3"},
				"down": {"uv": [0, 0, 0.125, 0.175], "texture": "#3"}
			}
		},
		{
			"from": [3, 20, 6.8],
			"to": [4, 22, 8.2],
			"faces": {
				"north": {"uv": [8, 4.5, 8.125, 4.625], "texture": "#3"},
				"east": {"uv": [0, 0, 0.175, 0.125], "texture": "#3"},
				"south": {"uv": [8, 4.5, 8.125, 4.625], "texture": "#3"},
				"west": {"uv": [0, 0, 0.175, 0.125], "texture": "#3"},
				"up": {"uv": [0, 0, 0.125, 0.175], "texture": "#3"},
				"down": {"uv": [0, 0, 0.125, 0.175], "texture": "#3"}
			}
		},
		{
			"from": [4, 21, 6.8],
			"to": [5, 23, 8.2],
			"faces": {
				"north": {"uv": [8, 4.5, 8.125, 4.625], "texture": "#3"},
				"east": {"uv": [0, 0, 0.175, 0.125], "texture": "#3"},
				"south": {"uv": [8, 4.5, 8.125, 4.625], "texture": "#3"},
				"west": {"uv": [0, 0, 0.175, 0.125], "texture": "#3"},
				"up": {"uv": [0, 0, 0.125, 0.175], "texture": "#3"},
				"down": {"uv": [0, 0, 0.125, 0.175], "texture": "#3"}
			}
		},
		{
			"from": [14, 20, 6.8],
			"to": [15, 21, 8.2],
			"faces": {
				"north": {"uv": [8, 4.5, 8.125, 4.625], "texture": "#3"},
				"east": {"uv": [0, 0, 0.175, 0.125], "texture": "#3"},
				"south": {"uv": [8, 4.5, 8.125, 4.625], "texture": "#3"},
				"west": {"uv": [0, 0, 0.175, 0.125], "texture": "#3"},
				"up": {"uv": [0, 0, 0.125, 0.175], "texture": "#3"},
				"down": {"uv": [0, 0, 0.125, 0.175], "texture": "#3"}
			}
		},
		{
			"from": [14, 19, 6.8],
			"to": [15, 20, 8.2],
			"faces": {
				"north": {"uv": [8, 4.5, 8.125, 4.625], "texture": "#3"},
				"east": {"uv": [0, 0, 0.175, 0.125], "texture": "#3"},
				"south": {"uv": [8, 4.5, 8.125, 4.625], "texture": "#3"},
				"west": {"uv": [0, 0, 0.175, 0.125], "texture": "#3"},
				"up": {"uv": [0, 0, 0.125, 0.175], "texture": "#3"},
				"down": {"uv": [0, 0, 0.125, 0.175], "texture": "#3"}
			}
		},
		{
			"from": [15, 19, 6.8],
			"to": [16, 20, 8.2],
			"faces": {
				"north": {"uv": [8, 4.5, 8.125, 4.625], "texture": "#3"},
				"east": {"uv": [0, 0, 0.175, 0.125], "texture": "#3"},
				"south": {"uv": [8, 4.5, 8.125, 4.625], "texture": "#3"},
				"west": {"uv": [0, 0, 0.175, 0.125], "texture": "#3"},
				"up": {"uv": [0, 0, 0.125, 0.175], "texture": "#3"},
				"down": {"uv": [0, 0, 0.125, 0.175], "texture": "#3"}
			}
		},
		{
			"from": [14, 10, 6.8],
			"to": [15, 11, 8.2],
			"faces": {
				"north": {"uv": [8, 4.5, 8.125, 4.625], "texture": "#3"},
				"east": {"uv": [0, 0, 0.175, 0.125], "texture": "#3"},
				"south": {"uv": [8, 4.5, 8.125, 4.625], "texture": "#3"},
				"west": {"uv": [0, 0, 0.175, 0.125], "texture": "#3"},
				"up": {"uv": [0, 0, 0.125, 0.175], "texture": "#3"},
				"down": {"uv": [0, 0, 0.125, 0.175], "texture": "#3"}
			}
		},
		{
			"from": [14, 11, 6.8],
			"to": [15, 12, 8.2],
			"faces": {
				"north": {"uv": [8, 4.5, 8.125, 4.625], "texture": "#3"},
				"east": {"uv": [0, 0, 0.175, 0.125], "texture": "#3"},
				"south": {"uv": [8, 4.5, 8.125, 4.625], "texture": "#3"},
				"west": {"uv": [0, 0, 0.175, 0.125], "texture": "#3"},
				"up": {"uv": [0, 0, 0.125, 0.175], "texture": "#3"},
				"down": {"uv": [0, 0, 0.125, 0.175], "texture": "#3"}
			}
		},
		{
			"from": [15, 11, 6.8],
			"to": [16, 12, 8.2],
			"faces": {
				"north": {"uv": [8, 4.5, 8.125, 4.625], "texture": "#3"},
				"east": {"uv": [0, 0, 0.175, 0.125], "texture": "#3"},
				"south": {"uv": [8, 4.5, 8.125, 4.625], "texture": "#3"},
				"west": {"uv": [0, 0, 0.175, 0.125], "texture": "#3"},
				"up": {"uv": [0, 0, 0.125, 0.175], "texture": "#3"},
				"down": {"uv": [0, 0, 0.125, 0.175], "texture": "#3"}
			}
		},
		{
			"from": [2, 10, 6.8],
			"to": [3, 11, 8.2],
			"faces": {
				"north": {"uv": [8, 4.5, 8.125, 4.625], "texture": "#3"},
				"east": {"uv": [0, 0, 0.175, 0.125], "texture": "#3"},
				"south": {"uv": [8, 4.5, 8.125, 4.625], "texture": "#3"},
				"west": {"uv": [0, 0, 0.175, 0.125], "texture": "#3"},
				"up": {"uv": [0, 0, 0.125, 0.175], "texture": "#3"},
				"down": {"uv": [0, 0, 0.125, 0.175], "texture": "#3"}
			}
		},
		{
			"from": [2, 11, 6.8],
			"to": [3, 12, 8.2],
			"faces": {
				"north": {"uv": [8, 4.5, 8.125, 4.625], "texture": "#3"},
				"east": {"uv": [0, 0, 0.175, 0.125], "texture": "#3"},
				"south": {"uv": [8, 4.5, 8.125, 4.625], "texture": "#3"},
				"west": {"uv": [0, 0, 0.175, 0.125], "texture": "#3"},
				"up": {"uv": [0, 0, 0.125, 0.175], "texture": "#3"},
				"down": {"uv": [0, 0, 0.125, 0.175], "texture": "#3"}
			}
		},
		{
			"from": [1, 11, 6.8],
			"to": [2, 12, 8.2],
			"faces": {
				"north": {"uv": [8, 4.5, 8.125, 4.625], "texture": "#3"},
				"east": {"uv": [0, 0, 0.175, 0.125], "texture": "#3"},
				"south": {"uv": [8, 4.5, 8.125, 4.625], "texture": "#3"},
				"west": {"uv": [0, 0, 0.175, 0.125], "texture": "#3"},
				"up": {"uv": [0, 0, 0.125, 0.175], "texture": "#3"},
				"down": {"uv": [0, 0, 0.125, 0.175], "texture": "#3"}
			}
		},
		{
			"from": [2, 20, 6.8],
			"to": [3, 21, 8.2],
			"faces": {
				"north": {"uv": [8, 4.5, 8.125, 4.625], "texture": "#3"},
				"east": {"uv": [0, 0, 0.175, 0.125], "texture": "#3"},
				"south": {"uv": [8, 4.5, 8.125, 4.625], "texture": "#3"},
				"west": {"uv": [0, 0, 0.175, 0.125], "texture": "#3"},
				"up": {"uv": [0, 0, 0.125, 0.175], "texture": "#3"},
				"down": {"uv": [0, 0, 0.125, 0.175], "texture": "#3"}
			}
		},
		{
			"from": [1, 19, 6.8],
			"to": [2, 20, 8.2],
			"faces": {
				"north": {"uv": [8, 4.5, 8.125, 4.625], "texture": "#3"},
				"east": {"uv": [0, 0, 0.175, 0.125], "texture": "#3"},
				"south": {"uv": [8, 4.5, 8.125, 4.625], "texture": "#3"},
				"west": {"uv": [0, 0, 0.175, 0.125], "texture": "#3"},
				"up": {"uv": [0, 0, 0.125, 0.175], "texture": "#3"},
				"down": {"uv": [0, 0, 0.125, 0.175], "texture": "#3"}
			}
		},
		{
			"from": [2, 19, 6.8],
			"to": [3, 20, 8.2],
			"faces": {
				"north": {"uv": [8, 4.5, 8.125, 4.625], "texture": "#3"},
				"east": {"uv": [0, 0, 0.175, 0.125], "texture": "#3"},
				"south": {"uv": [8, 4.5, 8.125, 4.625], "texture": "#3"},
				"west": {"uv": [0, 0, 0.175, 0.125], "texture": "#3"},
				"up": {"uv": [0, 0, 0.125, 0.175], "texture": "#3"},
				"down": {"uv": [0, 0, 0.125, 0.175], "texture": "#3"}
			}
		},
		{
			"from": [0, 21, 6.8],
			"to": [1, 22, 8.2],
			"rotation": {"angle": 45, "axis": "z", "origin": [2.5, 21.5, 7.5]},
			"faces": {
				"north": {"uv": [8, 4.5, 8.125, 4.625], "texture": "#3"},
				"east": {"uv": [0, 0, 0.175, 0.125], "texture": "#3"},
				"south": {"uv": [8, 4.5, 8.125, 4.625], "texture": "#3"},
				"west": {"uv": [0, 0, 0.175, 0.125], "texture": "#3"},
				"up": {"uv": [0, 0, 0.125, 0.175], "texture": "#3"},
				"down": {"uv": [0, 0, 0.125, 0.175], "texture": "#3"}
			}
		},
		{
			"from": [0, 22, 6.8],
			"to": [1, 23, 8.2],
			"rotation": {"angle": 45, "axis": "z", "origin": [2.5, 21.5, 7.5]},
			"faces": {
				"north": {"uv": [8, 4.5, 8.125, 4.625], "texture": "#3"},
				"east": {"uv": [0, 0, 0.175, 0.125], "texture": "#3"},
				"south": {"uv": [8, 4.5, 8.125, 4.625], "texture": "#3"},
				"west": {"uv": [0, 0, 0.175, 0.125], "texture": "#3"},
				"up": {"uv": [0, 0, 0.125, 0.175], "texture": "#3"},
				"down": {"uv": [0, 0, 0.125, 0.175], "texture": "#3"}
			}
		},
		{
			"from": [1, 22, 6.8],
			"to": [2, 23, 8.2],
			"rotation": {"angle": 45, "axis": "z", "origin": [2.5, 21.5, 7.5]},
			"faces": {
				"north": {"uv": [8, 4.5, 8.125, 4.625], "texture": "#3"},
				"east": {"uv": [0, 0, 0.175, 0.125], "texture": "#3"},
				"south": {"uv": [8, 4.5, 8.125, 4.625], "texture": "#3"},
				"west": {"uv": [0, 0, 0.175, 0.125], "texture": "#3"},
				"up": {"uv": [0, 0, 0.125, 0.175], "texture": "#3"},
				"down": {"uv": [0, 0, 0.125, 0.175], "texture": "#3"}
			}
		},
		{
			"from": [4, 22, 6.8],
			"to": [5, 23, 8.2],
			"rotation": {"angle": 45, "axis": "z", "origin": [2.5, 21.5, 7.5]},
			"faces": {
				"north": {"uv": [8, 4.5, 8.125, 4.625], "texture": "#3"},
				"east": {"uv": [0, 0, 0.175, 0.125], "texture": "#3"},
				"south": {"uv": [8, 4.5, 8.125, 4.625], "texture": "#3"},
				"west": {"uv": [0, 0, 0.175, 0.125], "texture": "#3"},
				"up": {"uv": [0, 0, 0.125, 0.175], "texture": "#3"},
				"down": {"uv": [0, 0, 0.125, 0.175], "texture": "#3"}
			}
		},
		{
			"from": [3, 22, 6.8],
			"to": [4, 23, 8.2],
			"rotation": {"angle": 45, "axis": "z", "origin": [2.5, 21.5, 7.5]},
			"faces": {
				"north": {"uv": [8, 4.5, 8.125, 4.625], "texture": "#3"},
				"east": {"uv": [0, 0, 0.175, 0.125], "texture": "#3"},
				"south": {"uv": [8, 4.5, 8.125, 4.625], "texture": "#3"},
				"west": {"uv": [0, 0, 0.175, 0.125], "texture": "#3"},
				"up": {"uv": [0, 0, 0.125, 0.175], "texture": "#3"},
				"down": {"uv": [0, 0, 0.125, 0.175], "texture": "#3"}
			}
		},
		{
			"from": [2, 23, 6.8],
			"to": [3, 25, 8.2],
			"rotation": {"angle": 45, "axis": "z", "origin": [2.5, 21.5, 7.5]},
			"faces": {
				"north": {"uv": [8, 4.5, 8.125, 4.625], "texture": "#3"},
				"east": {"uv": [0, 0, 0.175, 0.125], "texture": "#3"},
				"south": {"uv": [8, 4.5, 8.125, 4.625], "texture": "#3"},
				"west": {"uv": [0, 0, 0.175, 0.125], "texture": "#3"},
				"up": {"uv": [0, 0, 0.125, 0.175], "texture": "#3"},
				"down": {"uv": [0, 0, 0.125, 0.175], "texture": "#3"}
			}
		},
		{
			"from": [4, 21, 6.8],
			"to": [5, 22, 8.2],
			"rotation": {"angle": 45, "axis": "z", "origin": [2.5, 21.5, 7.5]},
			"faces": {
				"north": {"uv": [8, 4.5, 8.125, 4.625], "texture": "#3"},
				"east": {"uv": [0, 0, 0.175, 0.125], "texture": "#3"},
				"south": {"uv": [8, 4.5, 8.125, 4.625], "texture": "#3"},
				"west": {"uv": [0, 0, 0.175, 0.125], "texture": "#3"},
				"up": {"uv": [0, 0, 0.125, 0.175], "texture": "#3"},
				"down": {"uv": [0, 0, 0.125, 0.175], "texture": "#3"}
			}
		},
		{
			"from": [0, 4.1, 6.8],
			"to": [1, 5.1, 8.2],
			"rotation": {"angle": 45, "axis": "z", "origin": [2.5, 21.5, 7.5]},
			"faces": {
				"north": {"uv": [8, 4.5, 8.125, 4.625], "texture": "#3"},
				"east": {"uv": [0, 0, 0.175, 0.125], "texture": "#3"},
				"south": {"uv": [8, 4.5, 8.125, 4.625], "texture": "#3"},
				"west": {"uv": [0, 0, 0.175, 0.125], "texture": "#3"},
				"up": {"uv": [0, 0, 0.125, 0.175], "texture": "#3"},
				"down": {"uv": [0, 0, 0.125, 0.175], "texture": "#3"}
			}
		},
		{
			"from": [4, 3.1, 6.8],
			"to": [5, 4.1, 8.2],
			"rotation": {"angle": 45, "axis": "z", "origin": [2.5, 21.5, 7.5]},
			"faces": {
				"north": {"uv": [8, 4.5, 8.125, 4.625], "texture": "#3"},
				"east": {"uv": [0, 0, 0.175, 0.125], "texture": "#3"},
				"south": {"uv": [8, 4.5, 8.125, 4.625], "texture": "#3"},
				"west": {"uv": [0, 0, 0.175, 0.125], "texture": "#3"},
				"up": {"uv": [0, 0, 0.125, 0.175], "texture": "#3"},
				"down": {"uv": [0, 0, 0.125, 0.175], "texture": "#3"}
			}
		},
		{
			"from": [3, 3.1, 6.8],
			"to": [4, 4.1, 8.2],
			"rotation": {"angle": 45, "axis": "z", "origin": [2.5, 21.5, 7.5]},
			"faces": {
				"north": {"uv": [8, 4.5, 8.125, 4.625], "texture": "#3"},
				"east": {"uv": [0, 0, 0.175, 0.125], "texture": "#3"},
				"south": {"uv": [8, 4.5, 8.125, 4.625], "texture": "#3"},
				"west": {"uv": [0, 0, 0.175, 0.125], "texture": "#3"},
				"up": {"uv": [0, 0, 0.125, 0.175], "texture": "#3"},
				"down": {"uv": [0, 0, 0.125, 0.175], "texture": "#3"}
			}
		},
		{
			"from": [2, 1.1, 6.8],
			"to": [3, 3.1, 8.2],
			"rotation": {"angle": 45, "axis": "z", "origin": [2.5, 21.5, 7.5]},
			"faces": {
				"north": {"uv": [8, 4.5, 8.125, 4.625], "texture": "#3"},
				"east": {"uv": [0, 0, 0.175, 0.125], "texture": "#3"},
				"south": {"uv": [8, 4.5, 8.125, 4.625], "texture": "#3"},
				"west": {"uv": [0, 0, 0.175, 0.125], "texture": "#3"},
				"up": {"uv": [0, 0, 0.125, 0.175], "texture": "#3"},
				"down": {"uv": [0, 0, 0.125, 0.175], "texture": "#3"}
			}
		},
		{
			"from": [4, 4.1, 6.8],
			"to": [5, 5.1, 8.2],
			"rotation": {"angle": 45, "axis": "z", "origin": [2.5, 21.5, 7.5]},
			"faces": {
				"north": {"uv": [8, 4.5, 8.125, 4.625], "texture": "#3"},
				"east": {"uv": [0, 0, 0.175, 0.125], "texture": "#3"},
				"south": {"uv": [8, 4.5, 8.125, 4.625], "texture": "#3"},
				"west": {"uv": [0, 0, 0.175, 0.125], "texture": "#3"},
				"up": {"uv": [0, 0, 0.125, 0.175], "texture": "#3"},
				"down": {"uv": [0, 0, 0.125, 0.175], "texture": "#3"}
			}
		},
		{
			"from": [0, 3.1, 6.8],
			"to": [1, 4.1, 8.2],
			"rotation": {"angle": 45, "axis": "z", "origin": [2.5, 21.5, 7.5]},
			"faces": {
				"north": {"uv": [8, 4.5, 8.125, 4.625], "texture": "#3"},
				"east": {"uv": [0, 0, 0.175, 0.125], "texture": "#3"},
				"south": {"uv": [8, 4.5, 8.125, 4.625], "texture": "#3"},
				"west": {"uv": [0, 0, 0.175, 0.125], "texture": "#3"},
				"up": {"uv": [0, 0, 0.125, 0.175], "texture": "#3"},
				"down": {"uv": [0, 0, 0.125, 0.175], "texture": "#3"}
			}
		},
		{
			"from": [1, 3.1, 6.8],
			"to": [2, 4.1, 8.2],
			"rotation": {"angle": 45, "axis": "z", "origin": [2.5, 21.5, 7.5]},
			"faces": {
				"north": {"uv": [8, 4.5, 8.125, 4.625], "texture": "#3"},
				"east": {"uv": [0, 0, 0.175, 0.125], "texture": "#3"},
				"south": {"uv": [8, 4.5, 8.125, 4.625], "texture": "#3"},
				"west": {"uv": [0, 0, 0.175, 0.125], "texture": "#3"},
				"up": {"uv": [0, 0, 0.125, 0.175], "texture": "#3"},
				"down": {"uv": [0, 0, 0.125, 0.175], "texture": "#3"}
			}
		},
		{
			"from": [11.7, 22.6, 6.8],
			"to": [12.7, 23.6, 8.2],
			"rotation": {"angle": -45, "axis": "z", "origin": [13.5, 21.5, 7.5]},
			"faces": {
				"north": {"uv": [8.125, 4.5, 8, 4.625], "texture": "#3"},
				"east": {"uv": [0.175, 0, 0, 0.125], "texture": "#3"},
				"south": {"uv": [8.125, 4.5, 8, 4.625], "texture": "#3"},
				"west": {"uv": [0.175, 0, 0, 0.125], "texture": "#3"},
				"up": {"uv": [0.125, 0, 0, 0.175], "texture": "#3"},
				"down": {"uv": [0.125, 0, 0, 0.175], "texture": "#3"}
			}
		},
		{
			"from": [12.7, 22.6, 6.8],
			"to": [13.7, 23.6, 8.2],
			"rotation": {"angle": -45, "axis": "z", "origin": [13.5, 21.5, 7.5]},
			"faces": {
				"north": {"uv": [8.125, 4.5, 8, 4.625], "texture": "#3"},
				"east": {"uv": [0.175, 0, 0, 0.125], "texture": "#3"},
				"south": {"uv": [8.125, 4.5, 8, 4.625], "texture": "#3"},
				"west": {"uv": [0.175, 0, 0, 0.125], "texture": "#3"},
				"up": {"uv": [0.125, 0, 0, 0.175], "texture": "#3"},
				"down": {"uv": [0.125, 0, 0, 0.175], "texture": "#3"}
			}
		},
		{
			"from": [11.7, 21.6, 6.8],
			"to": [12.7, 22.6, 8.2],
			"rotation": {"angle": -45, "axis": "z", "origin": [13.5, 21.5, 7.5]},
			"faces": {
				"north": {"uv": [8.125, 4.5, 8, 4.625], "texture": "#3"},
				"east": {"uv": [0.175, 0, 0, 0.125], "texture": "#3"},
				"south": {"uv": [8.125, 4.5, 8, 4.625], "texture": "#3"},
				"west": {"uv": [0.175, 0, 0, 0.125], "texture": "#3"},
				"up": {"uv": [0.125, 0, 0, 0.175], "texture": "#3"},
				"down": {"uv": [0.125, 0, 0, 0.175], "texture": "#3"}
			}
		},
		{
			"from": [15.7, 22.6, 6.8],
			"to": [16.7, 23.6, 8.2],
			"rotation": {"angle": -45, "axis": "z", "origin": [13.5, 21.5, 7.5]},
			"faces": {
				"north": {"uv": [8.125, 4.5, 8, 4.625], "texture": "#3"},
				"east": {"uv": [0.175, 0, 0, 0.125], "texture": "#3"},
				"south": {"uv": [8.125, 4.5, 8, 4.625], "texture": "#3"},
				"west": {"uv": [0.175, 0, 0, 0.125], "texture": "#3"},
				"up": {"uv": [0.125, 0, 0, 0.175], "texture": "#3"},
				"down": {"uv": [0.125, 0, 0, 0.175], "texture": "#3"}
			}
		},
		{
			"from": [14.7, 22.6, 6.8],
			"to": [15.7, 23.6, 8.2],
			"rotation": {"angle": -45, "axis": "z", "origin": [13.5, 21.5, 7.5]},
			"faces": {
				"north": {"uv": [8.125, 4.5, 8, 4.625], "texture": "#3"},
				"east": {"uv": [0.175, 0, 0, 0.125], "texture": "#3"},
				"south": {"uv": [8.125, 4.5, 8, 4.625], "texture": "#3"},
				"west": {"uv": [0.175, 0, 0, 0.125], "texture": "#3"},
				"up": {"uv": [0.125, 0, 0, 0.175], "texture": "#3"},
				"down": {"uv": [0.125, 0, 0, 0.175], "texture": "#3"}
			}
		},
		{
			"from": [13.7, 23.6, 6.8],
			"to": [14.7, 25.6, 8.2],
			"rotation": {"angle": -45, "axis": "z", "origin": [13.5, 21.5, 7.5]},
			"faces": {
				"north": {"uv": [8.125, 4.5, 8, 4.625], "texture": "#3"},
				"east": {"uv": [0.175, 0, 0, 0.125], "texture": "#3"},
				"south": {"uv": [8.125, 4.5, 8, 4.625], "texture": "#3"},
				"west": {"uv": [0.175, 0, 0, 0.125], "texture": "#3"},
				"up": {"uv": [0.125, 0, 0, 0.175], "texture": "#3"},
				"down": {"uv": [0.125, 0, 0, 0.175], "texture": "#3"}
			}
		},
		{
			"from": [15.7, 21.6, 6.8],
			"to": [16.7, 22.6, 8.2],
			"rotation": {"angle": -45, "axis": "z", "origin": [13.5, 21.5, 7.5]},
			"faces": {
				"north": {"uv": [8.125, 4.5, 8, 4.625], "texture": "#3"},
				"east": {"uv": [0.175, 0, 0, 0.125], "texture": "#3"},
				"south": {"uv": [8.125, 4.5, 8, 4.625], "texture": "#3"},
				"west": {"uv": [0.175, 0, 0, 0.125], "texture": "#3"},
				"up": {"uv": [0.125, 0, 0, 0.175], "texture": "#3"},
				"down": {"uv": [0.125, 0, 0, 0.175], "texture": "#3"}
			}
		},
		{
			"from": [11.7, 5, 6.8],
			"to": [12.7, 6, 8.2],
			"rotation": {"angle": -45, "axis": "z", "origin": [13.5, 21.5, 7.5]},
			"faces": {
				"north": {"uv": [8.125, 4.5, 8, 4.625], "texture": "#3"},
				"east": {"uv": [0.175, 0, 0, 0.125], "texture": "#3"},
				"south": {"uv": [8.125, 4.5, 8, 4.625], "texture": "#3"},
				"west": {"uv": [0.175, 0, 0, 0.125], "texture": "#3"},
				"up": {"uv": [0.125, 0, 0, 0.175], "texture": "#3"},
				"down": {"uv": [0.125, 0, 0, 0.175], "texture": "#3"}
			}
		},
		{
			"from": [11.7, 4, 6.8],
			"to": [12.7, 5, 8.2],
			"rotation": {"angle": -45, "axis": "z", "origin": [13.5, 21.5, 7.5]},
			"faces": {
				"north": {"uv": [8.125, 4.5, 8, 4.625], "texture": "#3"},
				"east": {"uv": [0.175, 0, 0, 0.125], "texture": "#3"},
				"south": {"uv": [8.125, 4.5, 8, 4.625], "texture": "#3"},
				"west": {"uv": [0.175, 0, 0, 0.125], "texture": "#3"},
				"up": {"uv": [0.125, 0, 0, 0.175], "texture": "#3"},
				"down": {"uv": [0.125, 0, 0, 0.175], "texture": "#3"}
			}
		},
		{
			"from": [12.7, 4, 6.8],
			"to": [13.7, 5, 8.2],
			"rotation": {"angle": -45, "axis": "z", "origin": [13.5, 21.5, 7.5]},
			"faces": {
				"north": {"uv": [8.125, 4.5, 8, 4.625], "texture": "#3"},
				"east": {"uv": [0.175, 0, 0, 0.125], "texture": "#3"},
				"south": {"uv": [8.125, 4.5, 8, 4.625], "texture": "#3"},
				"west": {"uv": [0.175, 0, 0, 0.125], "texture": "#3"},
				"up": {"uv": [0.125, 0, 0, 0.175], "texture": "#3"},
				"down": {"uv": [0.125, 0, 0, 0.175], "texture": "#3"}
			}
		},
		{
			"from": [15.7, 5, 6.8],
			"to": [16.7, 6, 8.2],
			"rotation": {"angle": -45, "axis": "z", "origin": [13.5, 21.5, 7.5]},
			"faces": {
				"north": {"uv": [8.125, 4.5, 8, 4.625], "texture": "#3"},
				"east": {"uv": [0.175, 0, 0, 0.125], "texture": "#3"},
				"south": {"uv": [8.125, 4.5, 8, 4.625], "texture": "#3"},
				"west": {"uv": [0.175, 0, 0, 0.125], "texture": "#3"},
				"up": {"uv": [0.125, 0, 0, 0.175], "texture": "#3"},
				"down": {"uv": [0.125, 0, 0, 0.175], "texture": "#3"}
			}
		},
		{
			"from": [15.7, 4, 6.8],
			"to": [16.7, 5, 8.2],
			"rotation": {"angle": -45, "axis": "z", "origin": [13.5, 21.5, 7.5]},
			"faces": {
				"north": {"uv": [8.125, 4.5, 8, 4.625], "texture": "#3"},
				"east": {"uv": [0.175, 0, 0, 0.125], "texture": "#3"},
				"south": {"uv": [8.125, 4.5, 8, 4.625], "texture": "#3"},
				"west": {"uv": [0.175, 0, 0, 0.125], "texture": "#3"},
				"up": {"uv": [0.125, 0, 0, 0.175], "texture": "#3"},
				"down": {"uv": [0.125, 0, 0, 0.175], "texture": "#3"}
			}
		},
		{
			"from": [14.7, 4, 6.8],
			"to": [15.7, 5, 8.2],
			"rotation": {"angle": -45, "axis": "z", "origin": [13.5, 21.5, 7.5]},
			"faces": {
				"north": {"uv": [8.125, 4.5, 8, 4.625], "texture": "#3"},
				"east": {"uv": [0.175, 0, 0, 0.125], "texture": "#3"},
				"south": {"uv": [8.125, 4.5, 8, 4.625], "texture": "#3"},
				"west": {"uv": [0.175, 0, 0, 0.125], "texture": "#3"},
				"up": {"uv": [0.125, 0, 0, 0.175], "texture": "#3"},
				"down": {"uv": [0.125, 0, 0, 0.175], "texture": "#3"}
			}
		},
		{
			"from": [13.7, 2, 6.8],
			"to": [14.7, 4, 8.2],
			"rotation": {"angle": -45, "axis": "z", "origin": [13.5, 21.5, 7.5]},
			"faces": {
				"north": {"uv": [8.125, 4.5, 8, 4.625], "texture": "#3"},
				"east": {"uv": [0.175, 0, 0, 0.125], "texture": "#3"},
				"south": {"uv": [8.125, 4.5, 8, 4.625], "texture": "#3"},
				"west": {"uv": [0.175, 0, 0, 0.125], "texture": "#3"},
				"up": {"uv": [0.125, 0, 0, 0.175], "texture": "#3"},
				"down": {"uv": [0.125, 0, 0, 0.175], "texture": "#3"}
			}
		},
		{
			"from": [4, 19, 6.8],
			"to": [5, 20, 8.2],
			"faces": {
				"north": {"uv": [8, 4.5, 8.125, 4.625], "texture": "#3"},
				"east": {"uv": [0, 0, 0.175, 0.125], "texture": "#3"},
				"south": {"uv": [8, 4.5, 8.125, 4.625], "texture": "#3"},
				"west": {"uv": [0, 0, 0.175, 0.125], "texture": "#3"},
				"up": {"uv": [0, 0, 0.125, 0.175], "texture": "#3"},
				"down": {"uv": [0, 0, 0.125, 0.175], "texture": "#3"}
			}
		},
		{
			"from": [4, 11, 6.8],
			"to": [5, 12, 8.2],
			"faces": {
				"north": {"uv": [8, 4.5, 8.125, 4.625], "texture": "#3"},
				"east": {"uv": [0, 0, 0.175, 0.125], "texture": "#3"},
				"south": {"uv": [8, 4.5, 8.125, 4.625], "texture": "#3"},
				"west": {"uv": [0, 0, 0.175, 0.125], "texture": "#3"},
				"up": {"uv": [0, 0, 0.125, 0.175], "texture": "#3"},
				"down": {"uv": [0, 0, 0.125, 0.175], "texture": "#3"}
			}
		},
		{
			"from": [12, 11, 6.8],
			"to": [13, 12, 8.2],
			"faces": {
				"north": {"uv": [8, 4.5, 8.125, 4.625], "texture": "#3"},
				"east": {"uv": [0, 0, 0.175, 0.125], "texture": "#3"},
				"south": {"uv": [8, 4.5, 8.125, 4.625], "texture": "#3"},
				"west": {"uv": [0, 0, 0.175, 0.125], "texture": "#3"},
				"up": {"uv": [0, 0, 0.125, 0.175], "texture": "#3"},
				"down": {"uv": [0, 0, 0.125, 0.175], "texture": "#3"}
			}
		},
		{
			"from": [5, 19, 6.8],
			"to": [12, 22, 8.2],
			"rotation": {"angle": 0, "axis": "z", "origin": [10.5, 11.5, 7.5]},
			"faces": {
				"north": {"uv": [8, 4.5, 8.375, 5.375], "rotation": 270, "texture": "#3"},
				"east": {"uv": [0, 0, 0.625, 0.125], "rotation": 270, "texture": "#3"},
				"south": {"uv": [8, 4.5, 8.375, 5.375], "rotation": 270, "texture": "#3"},
				"west": {"uv": [0, 0, 0.625, 0.125], "rotation": 270, "texture": "#3"},
				"up": {"uv": [0, 0, 0.125, 0.125], "rotation": 270, "texture": "#3"},
				"down": {"uv": [0, 0, 0.125, 0.125], "rotation": 270, "texture": "#3"}
			}
		},
		{
			"from": [5, 9, 6.8],
			"to": [12, 12, 8.2],
			"rotation": {"angle": 0, "axis": "z", "origin": [10.5, 11.5, 7.5]},
			"faces": {
				"north": {"uv": [8, 4.5, 8.375, 5.375], "rotation": 270, "texture": "#3"},
				"east": {"uv": [0, 0, 0.625, 0.125], "rotation": 270, "texture": "#3"},
				"south": {"uv": [8, 4.5, 8.375, 5.375], "rotation": 270, "texture": "#3"},
				"west": {"uv": [0, 0, 0.625, 0.125], "rotation": 270, "texture": "#3"},
				"up": {"uv": [0, 0, 0.125, 0.125], "rotation": 270, "texture": "#3"},
				"down": {"uv": [0, 0, 0.125, 0.125], "rotation": 270, "texture": "#3"}
			}
		},
		{
			"from": [5, 15, 6.7],
			"to": [12, 16, 8.3],
			"rotation": {"angle": -45, "axis": "z", "origin": [8.5, 15.5, 7.5]},
			"faces": {
				"north": {"uv": [8, 4.5, 8.125, 5.125], "rotation": 90, "texture": "#3"},
				"east": {"uv": [8, 4.5, 8.125, 5.125], "rotation": 90, "texture": "#3"},
				"south": {"uv": [8, 4.5, 8.125, 5.125], "rotation": 90, "texture": "#3"},
				"west": {"uv": [8, 4.5, 8.125, 5.125], "rotation": 90, "texture": "#3"},
				"up": {"uv": [0, 0, 0.175, 0.625], "rotation": 90, "texture": "#3"},
				"down": {"uv": [8, 4.5, 8.125, 5.125], "rotation": 90, "texture": "#3"}
			}
		},
		{
			"from": [5, 15, 6.7],
			"to": [12, 16, 8.3],
			"rotation": {"angle": 45, "axis": "z", "origin": [8.5, 15.5, 7.5]},
			"faces": {
				"north": {"uv": [8, 4.5, 8.125, 5.125], "rotation": 90, "texture": "#3"},
				"east": {"uv": [8, 4.5, 8.125, 5.125], "rotation": 90, "texture": "#3"},
				"south": {"uv": [8, 4.5, 8.125, 5.125], "rotation": 90, "texture": "#3"},
				"west": {"uv": [8, 4.5, 8.125, 5.125], "rotation": 90, "texture": "#3"},
				"up": {"uv": [0, 0, 0.175, 0.625], "rotation": 90, "texture": "#3"},
				"down": {"uv": [8, 4.5, 8.125, 5.125], "rotation": 90, "texture": "#3"}
			}
		}
	],
	"display": {
		"thirdperson_righthand": {
			"rotation": [164.25, 0, 0],
			"translation": [0, 4, -0.75],
			"scale": [0.29688, 0.29688, 0.29688]
		},
		"thirdperson_lefthand": {
			"rotation": [164.25, 0, 0],
			"translation": [0, 4, -0.75],
			"scale": [0.29688, 0.29688, 0.29688]
		},
		"firstperson_righthand": {
			"rotation": [151.26, -6.96, 12.47],
			"translation": [2, 3.25, 0],
			"scale": [0.21875, 0.21875, 0.21875]
		},
		"firstperson_lefthand": {
			"rotation": [151.26, -6.96, 12.47],
			"translation": [2, 3.25, 0],
			"scale": [0.21875, 0.21875, 0.21875]
		},
		"ground": {
			"translation": [0, 1.75, 0],
			"scale": [0.33789, 0.33789, 0.33789]
		},
		"gui": {
			"rotation": [0, 0, -49],
			"translation": [-2, -2, 0],
			"scale": [0.56641, 0.56641, 0.56641]
		},
		"head": {
			"translation": [0, -30.35, 0],
			"scale": [1.6, 1.6, 1.6]
		},
		"fixed": {
			"rotation": [0, 0, 37.25],
			"translation": [1.5, -2, -0.5],
			"scale": [0.63086, 0.63086, 0.63086]
		}
	}
}