{
	"credit": "By Yassou, mail : yassou.pro.mc@gmail.com",
	"texture_size": [128, 128],
	"textures": {
		"0": "lootcrat_plus:rare/gold_box",
		"particle": "lootcrat_plus:rare/gold_box"
	},
	"elements": [
		{
			"from": [-2, 0, 2],
			"to": [18, 15, 14],
			"faces": {
				"north": {"uv": [3, 3.75, 5.5, 5.625], "texture": "#0"},
				"east": {"uv": [0, 5.875, 1.5, 7.75], "texture": "#0"},
				"south": {"uv": [0, 4, 2.5, 5.875], "texture": "#0"},
				"west": {"uv": [5.5, 6, 7, 7.875], "texture": "#0"},
				"up": {"uv": [8, 4.5, 5.5, 3], "texture": "#0"},
				"down": {"uv": [8, 4.5, 5.5, 6], "texture": "#0"}
			}
		},
		{
			"from": [-2.1, 10, 15],
			"to": [18.1, 15, 17],
			"rotation": {"angle": -22.5, "axis": "x", "origin": [8, 7.5, 14.5]},
			"faces": {
				"north": {"uv": [3, 3.75, 5.5, 4.375], "texture": "#0"},
				"east": {"uv": [0, 5.875, 0.25, 6.5], "texture": "#0"},
				"south": {"uv": [0, 4, 2.5, 4.625], "texture": "#0"},
				"west": {"uv": [5.5, 6, 5.75, 6.625], "texture": "#0"},
				"up": {"uv": [8, 3.25, 5.5, 3], "texture": "#0"},
				"down": {"uv": [8, 4.5, 5.5, 4.75], "texture": "#0"}
			}
		},
		{
			"from": [-2.1, 10, -1],
			"to": [18.1, 15, 1],
			"rotation": {"angle": 22.5, "axis": "x", "origin": [8, 7.5, 1.5]},
			"faces": {
				"north": {"uv": [2.5, 4, 0, 4.625], "texture": "#0"},
				"east": {"uv": [0.25, 5.875, 0, 6.5], "texture": "#0"},
				"south": {"uv": [5.5, 3.75, 3, 4.375], "texture": "#0"},
				"west": {"uv": [5.75, 6, 5.5, 6.625], "texture": "#0"},
				"up": {"uv": [8, 3, 5.5, 3.25], "texture": "#0"},
				"down": {"uv": [8, 4.75, 5.5, 4.5], "texture": "#0"}
			}
		},
		{
			"from": [-4, 0, 0],
			"to": [1, 1, 5],
			"faces": {
				"north": {"uv": [1.5, 7.375, 2.125, 7.5], "texture": "#0"},
				"east": {"uv": [4.75, 7.75, 5.375, 7.875], "texture": "#0"},
				"south": {"uv": [8, 5.875, 8.625, 6], "texture": "#0"},
				"west": {"uv": [8.375, 3.875, 9, 4], "texture": "#0"},
				"up": {"uv": [2.125, 6.5, 1.5, 5.875], "texture": "#0"},
				"down": {"uv": [2.125, 6.5, 1.5, 7.125], "texture": "#0"}
			}
		},
		{
			"from": [-3, 1, 1],
			"to": [0, 8, 4],
			"faces": {
				"north": {"uv": [2.5, 4, 2.875, 4.875], "texture": "#0"},
				"east": {"uv": [2.125, 5.875, 2.5, 6.75], "texture": "#0"},
				"south": {"uv": [1.875, 8, 2.25, 8.875], "texture": "#0"},
				"west": {"uv": [8, 1.875, 8.375, 2.75], "texture": "#0"},
				"up": {"uv": [5.25, 8.625, 4.875, 8.25], "texture": "#0"},
				"down": {"uv": [5.625, 8.25, 5.25, 8.625], "texture": "#0"}
			}
		},
		{
			"from": [-3, 1, 12],
			"to": [0, 8, 15],
			"faces": {
				"north": {"uv": [2.25, 8, 2.625, 8.875], "texture": "#0"},
				"east": {"uv": [2.625, 8, 3, 8.875], "texture": "#0"},
				"south": {"uv": [8, 2.75, 8.375, 3.625], "texture": "#0"},
				"west": {"uv": [3, 8, 3.375, 8.875], "texture": "#0"},
				"up": {"uv": [6, 8.625, 5.625, 8.25], "texture": "#0"},
				"down": {"uv": [6.375, 8.25, 6, 8.625], "texture": "#0"}
			}
		},
		{
			"from": [-4, 0, 11],
			"to": [1, 1, 16],
			"faces": {
				"north": {"uv": [8.375, 4, 9, 4.125], "texture": "#0"},
				"east": {"uv": [8.375, 4.125, 9, 4.25], "texture": "#0"},
				"south": {"uv": [8.375, 4.25, 9, 4.375], "texture": "#0"},
				"west": {"uv": [8.375, 4.375, 9, 4.5], "texture": "#0"},
				"up": {"uv": [0.625, 8.375, 0, 7.75], "texture": "#0"},
				"down": {"uv": [1.25, 7.75, 0.625, 8.375], "texture": "#0"}
			}
		},
		{
			"from": [16, 1, 12],
			"to": [19, 8, 15],
			"faces": {
				"north": {"uv": [3.375, 8, 3.75, 8.875], "texture": "#0"},
				"east": {"uv": [8, 3.625, 8.375, 4.5], "texture": "#0"},
				"south": {"uv": [3.75, 8, 4.125, 8.875], "texture": "#0"},
				"west": {"uv": [4.125, 8, 4.5, 8.875], "texture": "#0"},
				"up": {"uv": [6.75, 8.625, 6.375, 8.25], "texture": "#0"},
				"down": {"uv": [0.375, 8.375, 0, 8.75], "texture": "#0"}
			}
		},
		{
			"from": [15, 0, 11],
			"to": [20, 1, 16],
			"faces": {
				"north": {"uv": [8.375, 4.5, 9, 4.625], "texture": "#0"},
				"east": {"uv": [8.375, 4.625, 9, 4.75], "texture": "#0"},
				"south": {"uv": [8.375, 4.75, 9, 4.875], "texture": "#0"},
				"west": {"uv": [8.375, 4.875, 9, 5], "texture": "#0"},
				"up": {"uv": [8.625, 0.625, 8, 0], "texture": "#0"},
				"down": {"uv": [8.625, 0.625, 8, 1.25], "texture": "#0"}
			}
		},
		{
			"from": [16, 1, 1],
			"to": [19, 8, 4],
			"faces": {
				"north": {"uv": [8, 4.5, 8.375, 5.375], "texture": "#0"},
				"east": {"uv": [6.75, 8.125, 7.125, 9], "texture": "#0"},
				"south": {"uv": [7.125, 8.125, 7.5, 9], "texture": "#0"},
				"west": {"uv": [7.5, 8.125, 7.875, 9], "texture": "#0"},
				"up": {"uv": [0.75, 8.75, 0.375, 8.375], "texture": "#0"},
				"down": {"uv": [1.125, 8.375, 0.75, 8.75], "texture": "#0"}
			}
		},
		{
			"from": [15, 0, 0],
			"to": [20, 1, 5],
			"faces": {
				"north": {"uv": [8.375, 5, 9, 5.125], "texture": "#0"},
				"east": {"uv": [8.375, 5.125, 9, 5.25], "texture": "#0"},
				"south": {"uv": [8.375, 5.25, 9, 5.375], "texture": "#0"},
				"west": {"uv": [8.5, 8.125, 9.125, 8.25], "texture": "#0"},
				"up": {"uv": [1.875, 8.625, 1.25, 8], "texture": "#0"},
				"down": {"uv": [8.625, 1.25, 8, 1.875], "texture": "#0"}
			}
		},
		{
			"from": [15, 2, 11],
			"to": [20, 3, 16],
			"faces": {
				"north": {"uv": [8.375, 4.5, 9, 4.625], "texture": "#0"},
				"east": {"uv": [8.375, 4.625, 9, 4.75], "texture": "#0"},
				"south": {"uv": [8.375, 4.75, 9, 4.875], "texture": "#0"},
				"west": {"uv": [8.375, 4.875, 9, 5], "texture": "#0"},
				"up": {"uv": [8.625, 0.625, 8, 0], "texture": "#0"},
				"down": {"uv": [8.625, 0.625, 8, 1.25], "texture": "#0"}
			}
		},
		{
			"from": [-4, 2, 11],
			"to": [1, 3, 16],
			"faces": {
				"north": {"uv": [8.375, 4, 9, 4.125], "texture": "#0"},
				"east": {"uv": [8.375, 4.125, 9, 4.25], "texture": "#0"},
				"south": {"uv": [8.375, 4.25, 9, 4.375], "texture": "#0"},
				"west": {"uv": [8.375, 4.375, 9, 4.5], "texture": "#0"},
				"up": {"uv": [0.625, 8.375, 0, 7.75], "texture": "#0"},
				"down": {"uv": [1.25, 7.75, 0.625, 8.375], "texture": "#0"}
			}
		},
		{
			"from": [-4, 2, 0],
			"to": [1, 3, 5],
			"faces": {
				"north": {"uv": [1.5, 7.375, 2.125, 7.5], "texture": "#0"},
				"east": {"uv": [4.75, 7.75, 5.375, 7.875], "texture": "#0"},
				"south": {"uv": [8, 5.875, 8.625, 6], "texture": "#0"},
				"west": {"uv": [8.375, 3.875, 9, 4], "texture": "#0"},
				"up": {"uv": [2.125, 6.5, 1.5, 5.875], "texture": "#0"},
				"down": {"uv": [2.125, 6.5, 1.5, 7.125], "texture": "#0"}
			}
		},
		{
			"from": [15, 2, 0],
			"to": [20, 3, 5],
			"faces": {
				"north": {"uv": [8.375, 5, 9, 5.125], "texture": "#0"},
				"east": {"uv": [8.375, 5.125, 9, 5.25], "texture": "#0"},
				"south": {"uv": [8.375, 5.25, 9, 5.375], "texture": "#0"},
				"west": {"uv": [8.5, 8.125, 9.125, 8.25], "texture": "#0"},
				"up": {"uv": [1.875, 8.625, 1.25, 8], "texture": "#0"},
				"down": {"uv": [8.625, 1.25, 8, 1.875], "texture": "#0"}
			}
		},
		{
			"from": [15, 6, 11],
			"to": [20, 7, 16],
			"faces": {
				"north": {"uv": [8.375, 4.5, 9, 4.625], "texture": "#0"},
				"east": {"uv": [8.375, 4.625, 9, 4.75], "texture": "#0"},
				"south": {"uv": [8.375, 4.75, 9, 4.875], "texture": "#0"},
				"west": {"uv": [8.375, 4.875, 9, 5], "texture": "#0"},
				"up": {"uv": [8.625, 0.625, 8, 0], "texture": "#0"},
				"down": {"uv": [8.625, 0.625, 8, 1.25], "texture": "#0"}
			}
		},
		{
			"from": [-4, 6, 11],
			"to": [1, 7, 16],
			"faces": {
				"north": {"uv": [8.375, 4, 9, 4.125], "texture": "#0"},
				"east": {"uv": [8.375, 4.125, 9, 4.25], "texture": "#0"},
				"south": {"uv": [8.375, 4.25, 9, 4.375], "texture": "#0"},
				"west": {"uv": [8.375, 4.375, 9, 4.5], "texture": "#0"},
				"up": {"uv": [0.625, 8.375, 0, 7.75], "texture": "#0"},
				"down": {"uv": [1.25, 7.75, 0.625, 8.375], "texture": "#0"}
			}
		},
		{
			"from": [-4, 6, 0],
			"to": [1, 7, 5],
			"faces": {
				"north": {"uv": [1.5, 7.375, 2.125, 7.5], "texture": "#0"},
				"east": {"uv": [4.75, 7.75, 5.375, 7.875], "texture": "#0"},
				"south": {"uv": [8, 5.875, 8.625, 6], "texture": "#0"},
				"west": {"uv": [8.375, 3.875, 9, 4], "texture": "#0"},
				"up": {"uv": [2.125, 6.5, 1.5, 5.875], "texture": "#0"},
				"down": {"uv": [2.125, 6.5, 1.5, 7.125], "texture": "#0"}
			}
		},
		{
			"from": [15, 6, 0],
			"to": [20, 7, 5],
			"faces": {
				"north": {"uv": [8.375, 5, 9, 5.125], "texture": "#0"},
				"east": {"uv": [8.375, 5.125, 9, 5.25], "texture": "#0"},
				"south": {"uv": [8.375, 5.25, 9, 5.375], "texture": "#0"},
				"west": {"uv": [8.5, 8.125, 9.125, 8.25], "texture": "#0"},
				"up": {"uv": [1.875, 8.625, 1.25, 8], "texture": "#0"},
				"down": {"uv": [8.625, 1.25, 8, 1.875], "texture": "#0"}
			}
		},
		{
			"from": [5.5, 4, 14],
			"to": [10.5, 8, 16],
			"rotation": {"angle": 0, "axis": "y", "origin": [4.5, 0, 0]},
			"faces": {
				"north": {"uv": [8, 5.375, 8.625, 5.875], "texture": "#0"},
				"east": {"uv": [8.375, 1.875, 8.625, 2.375], "texture": "#0"},
				"south": {"uv": [7.875, 8.125, 8.5, 8.625], "texture": "#0"},
				"west": {"uv": [8.375, 2.375, 8.625, 2.875], "texture": "#0"},
				"up": {"uv": [2.125, 7.375, 1.5, 7.125], "texture": "#0"},
				"down": {"uv": [5.375, 7.5, 4.75, 7.75], "texture": "#0"}
			}
		},
		{
			"from": [6.5, 5, 15],
			"to": [9.5, 9, 17],
			"rotation": {"angle": 0, "axis": "y", "origin": [4.5, 0, 0]},
			"faces": {
				"north": {"uv": [2.5, 4.875, 2.875, 5.375], "texture": "#0"},
				"east": {"uv": [8.375, 2.875, 8.625, 3.375], "texture": "#0"},
				"south": {"uv": [2.125, 6.75, 2.5, 7.25], "texture": "#0"},
				"west": {"uv": [8.375, 3.375, 8.625, 3.875], "texture": "#0"},
				"up": {"uv": [2.875, 5.625, 2.5, 5.375], "texture": "#0"},
				"down": {"uv": [2.5, 7.25, 2.125, 7.5], "texture": "#0"}
			}
		},
		{
			"from": [7.2, 13.85, 13.85],
			"to": [9.2, 15.85, 14.85],
			"rotation": {"angle": -22.5, "axis": "x", "origin": [8.05, 14.9, 17.55]},
			"faces": {
				"north": {"uv": [6.75, 7.875, 7, 8.125], "rotation": 180, "texture": "#0"},
				"east": {"uv": [8.625, 1.375, 8.875, 1.25], "rotation": 90, "texture": "#0"},
				"south": {"uv": [1.25, 7.75, 1.5, 8], "texture": "#0"},
				"west": {"uv": [8.625, 1.25, 8.875, 1.125], "rotation": 270, "texture": "#0"},
				"up": {"uv": [8.875, 1, 8.625, 1.125], "rotation": 180, "texture": "#0"},
				"down": {"uv": [1.5, 8.625, 1.25, 8.75], "texture": "#0"}
			}
		},
		{
			"from": [7.2, 11.82922, 14.81272],
			"to": [9.2, 13.82922, 15.81272],
			"rotation": {"angle": -45, "axis": "z", "origin": [8.2, 12.82922, 14.61272]},
			"faces": {
				"north": {"uv": [6.75, 7.875, 7, 8.125], "rotation": 180, "texture": "#0"},
				"east": {"uv": [8.625, 1.375, 8.875, 1.25], "rotation": 90, "texture": "#0"},
				"south": {"uv": [1.25, 7.75, 1.5, 8], "texture": "#0"},
				"west": {"uv": [8.625, 1.25, 8.875, 1.125], "rotation": 270, "texture": "#0"},
				"up": {"uv": [8.875, 1, 8.625, 1.125], "rotation": 180, "texture": "#0"},
				"down": {"uv": [1.5, 8.625, 1.25, 8.75], "texture": "#0"}
			}
		},
		{
			"from": [7.5, 14.6725, 7.5],
			"to": [8.5, 15.7725, 8.5],
			"rotation": {"angle": -45, "axis": "y", "origin": [8, 15.2225, 8]},
			"faces": {
				"north": {"uv": [8.625, 1, 8.75, 1.125], "texture": "#0"},
				"east": {"uv": [8.75, 1.25, 8.625, 1.125], "rotation": 180, "texture": "#0"},
				"south": {"uv": [1.25, 8.625, 1.5, 8.75], "texture": "#0"},
				"west": {"uv": [8.75, 1.375, 8.625, 1.25], "rotation": 180, "texture": "#0"},
				"up": {"uv": [2, 8.125, 2.125, 8.25], "texture": "#0"},
				"down": {"uv": [6.875, 7.875, 6.75, 8], "texture": "#0"}
			}
		},
		{
			"from": [8.5, 14.6725, 7.5],
			"to": [9.5, 15.7725, 8.5],
			"rotation": {"angle": -45, "axis": "y", "origin": [8, 15.2225, 8]},
			"faces": {
				"north": {"uv": [8.625, 1, 8.75, 1.125], "texture": "#0"},
				"east": {"uv": [8.75, 1.25, 8.625, 1.125], "rotation": 180, "texture": "#0"},
				"south": {"uv": [1.25, 8.625, 1.5, 8.75], "texture": "#0"},
				"west": {"uv": [8.75, 1.375, 8.625, 1.25], "rotation": 180, "texture": "#0"},
				"up": {"uv": [2, 8.125, 2.125, 8.25], "texture": "#0"},
				"down": {"uv": [6.875, 7.875, 6.75, 8], "texture": "#0"}
			}
		},
		{
			"from": [10.8, 14.6725, 7.5],
			"to": [11.8, 15.7725, 8.5],
			"rotation": {"angle": -45, "axis": "y", "origin": [8, 15.2225, 8]},
			"faces": {
				"north": {"uv": [8.625, 1, 8.75, 1.125], "texture": "#0"},
				"east": {"uv": [8.75, 1.25, 8.625, 1.125], "rotation": 180, "texture": "#0"},
				"south": {"uv": [1.25, 8.625, 1.5, 8.75], "texture": "#0"},
				"west": {"uv": [8.75, 1.375, 8.625, 1.25], "rotation": 180, "texture": "#0"},
				"up": {"uv": [1.25, 8.625, 1.5, 8.75], "texture": "#0"},
				"down": {"uv": [6.875, 7.875, 6.75, 8], "texture": "#0"}
			}
		},
		{
			"from": [11.8, 14.6725, 7.5],
			"to": [12.8, 15.7725, 8.5],
			"rotation": {"angle": -45, "axis": "y", "origin": [8, 15.2225, 8]},
			"faces": {
				"north": {"uv": [8.625, 1, 8.75, 1.125], "texture": "#0"},
				"east": {"uv": [8.75, 1.25, 8.625, 1.125], "rotation": 180, "texture": "#0"},
				"south": {"uv": [1.25, 8.625, 1.5, 8.75], "texture": "#0"},
				"west": {"uv": [8.75, 1.375, 8.625, 1.25], "rotation": 180, "texture": "#0"},
				"up": {"uv": [2, 8.625, 2.125, 8.75], "texture": "#0"},
				"down": {"uv": [6.875, 7.875, 6.75, 8], "texture": "#0"}
			}
		},
		{
			"from": [10.8, 14.6725, 8.5],
			"to": [11.8, 15.7725, 9.5],
			"rotation": {"angle": -45, "axis": "y", "origin": [8, 15.2225, 8]},
			"faces": {
				"north": {"uv": [8.625, 1, 8.75, 1.125], "texture": "#0"},
				"east": {"uv": [8.75, 1.25, 8.625, 1.125], "rotation": 180, "texture": "#0"},
				"south": {"uv": [1.25, 8.625, 1.5, 8.75], "texture": "#0"},
				"west": {"uv": [8.75, 1.375, 8.625, 1.25], "rotation": 180, "texture": "#0"},
				"up": {"uv": [2, 8.5, 2.125, 8.625], "texture": "#0"},
				"down": {"uv": [6.875, 7.875, 6.75, 8], "texture": "#0"}
			}
		},
		{
			"from": [10.8, 14.6725, 6.5],
			"to": [11.8, 15.7725, 7.5],
			"rotation": {"angle": -45, "axis": "y", "origin": [8, 15.2225, 8]},
			"faces": {
				"north": {"uv": [8.625, 1, 8.75, 1.125], "texture": "#0"},
				"east": {"uv": [8.75, 1.25, 8.625, 1.125], "rotation": 180, "texture": "#0"},
				"south": {"uv": [1.25, 8.625, 1.5, 8.75], "texture": "#0"},
				"west": {"uv": [8.75, 1.375, 8.625, 1.25], "rotation": 180, "texture": "#0"},
				"up": {"uv": [1.25, 8.625, 1.5, 8.75], "texture": "#0"},
				"down": {"uv": [6.875, 7.875, 6.75, 8], "texture": "#0"}
			}
		},
		{
			"from": [3.2, 14.6725, 7.5],
			"to": [4.2, 15.7725, 8.5],
			"rotation": {"angle": 45, "axis": "y", "origin": [8, 15.2225, 8]},
			"faces": {
				"north": {"uv": [8.75, 1, 8.625, 1.125], "texture": "#0"},
				"east": {"uv": [8.625, 1.375, 8.75, 1.25], "rotation": 180, "texture": "#0"},
				"south": {"uv": [1.5, 8.625, 1.25, 8.75], "texture": "#0"},
				"west": {"uv": [8.625, 1.25, 8.75, 1.125], "rotation": 180, "texture": "#0"},
				"up": {"uv": [2, 8.625, 2.125, 8.75], "texture": "#0"},
				"down": {"uv": [6.75, 7.875, 6.875, 8], "texture": "#0"}
			}
		},
		{
			"from": [4.2, 14.6725, 7.5],
			"to": [5.2, 15.7725, 8.5],
			"rotation": {"angle": 45, "axis": "y", "origin": [8, 15.2225, 8]},
			"faces": {
				"north": {"uv": [8.75, 1, 8.625, 1.125], "texture": "#0"},
				"east": {"uv": [8.625, 1.375, 8.75, 1.25], "rotation": 180, "texture": "#0"},
				"south": {"uv": [1.5, 8.625, 1.25, 8.75], "texture": "#0"},
				"west": {"uv": [8.625, 1.25, 8.75, 1.125], "rotation": 180, "texture": "#0"},
				"up": {"uv": [2, 8.5, 2.125, 8.625], "texture": "#0"},
				"down": {"uv": [6.75, 7.875, 6.875, 8], "texture": "#0"}
			}
		},
		{
			"from": [4.2, 14.6725, 8.5],
			"to": [5.2, 15.7725, 9.5],
			"rotation": {"angle": 45, "axis": "y", "origin": [8, 15.2225, 8]},
			"faces": {
				"north": {"uv": [8.75, 1, 8.625, 1.125], "texture": "#0"},
				"east": {"uv": [8.625, 1.375, 8.75, 1.25], "rotation": 180, "texture": "#0"},
				"south": {"uv": [1.5, 8.625, 1.25, 8.75], "texture": "#0"},
				"west": {"uv": [8.625, 1.25, 8.75, 1.125], "rotation": 180, "texture": "#0"},
				"up": {"uv": [1.25, 8.625, 1.5, 8.75], "texture": "#0"},
				"down": {"uv": [6.75, 7.875, 6.875, 8], "texture": "#0"}
			}
		},
		{
			"from": [4.2, 14.6725, 6.5],
			"to": [5.2, 15.7725, 7.5],
			"rotation": {"angle": 45, "axis": "y", "origin": [8, 15.2225, 8]},
			"faces": {
				"north": {"uv": [8.75, 1, 8.625, 1.125], "texture": "#0"},
				"east": {"uv": [8.625, 1.375, 8.75, 1.25], "rotation": 180, "texture": "#0"},
				"south": {"uv": [1.5, 8.625, 1.25, 8.75], "texture": "#0"},
				"west": {"uv": [8.625, 1.25, 8.75, 1.125], "rotation": 180, "texture": "#0"},
				"up": {"uv": [1.25, 8.625, 1.5, 8.75], "texture": "#0"},
				"down": {"uv": [6.75, 7.875, 6.875, 8], "texture": "#0"}
			}
		},
		{
			"from": [3.2, 14.6725, 7.5],
			"to": [4.2, 15.7725, 8.5],
			"rotation": {"angle": -45, "axis": "y", "origin": [8, 15.2225, 8]},
			"faces": {
				"north": {"uv": [1.25, 8.625, 1.5, 8.75], "texture": "#0"},
				"east": {"uv": [8.75, 1.375, 8.625, 1.25], "rotation": 180, "texture": "#0"},
				"south": {"uv": [8.625, 1, 8.75, 1.125], "texture": "#0"},
				"west": {"uv": [8.75, 1.25, 8.625, 1.125], "rotation": 180, "texture": "#0"},
				"up": {"uv": [2, 8.625, 2.125, 8.75], "texture": "#0"},
				"down": {"uv": [6.75, 8, 6.875, 7.875], "texture": "#0"}
			}
		},
		{
			"from": [4.2, 14.6725, 7.5],
			"to": [5.2, 15.7725, 8.5],
			"rotation": {"angle": -45, "axis": "y", "origin": [8, 15.2225, 8]},
			"faces": {
				"north": {"uv": [1.25, 8.625, 1.5, 8.75], "texture": "#0"},
				"east": {"uv": [8.75, 1.375, 8.625, 1.25], "rotation": 180, "texture": "#0"},
				"south": {"uv": [8.625, 1, 8.75, 1.125], "texture": "#0"},
				"west": {"uv": [8.75, 1.25, 8.625, 1.125], "rotation": 180, "texture": "#0"},
				"up": {"uv": [1.25, 8.625, 1.5, 8.75], "texture": "#0"},
				"down": {"uv": [6.75, 8, 6.875, 7.875], "texture": "#0"}
			}
		},
		{
			"from": [4.2, 14.6725, 6.5],
			"to": [5.2, 15.7725, 7.5],
			"rotation": {"angle": -45, "axis": "y", "origin": [8, 15.2225, 8]},
			"faces": {
				"north": {"uv": [1.25, 8.625, 1.5, 8.75], "texture": "#0"},
				"east": {"uv": [8.75, 1.375, 8.625, 1.25], "rotation": 180, "texture": "#0"},
				"south": {"uv": [8.625, 1, 8.75, 1.125], "texture": "#0"},
				"west": {"uv": [8.75, 1.25, 8.625, 1.125], "rotation": 180, "texture": "#0"},
				"up": {"uv": [2.75, 8.375, 2.875, 8.5], "texture": "#0"},
				"down": {"uv": [6.75, 8, 6.875, 7.875], "texture": "#0"}
			}
		},
		{
			"from": [4.2, 14.6725, 8.5],
			"to": [5.2, 15.7725, 9.5],
			"rotation": {"angle": -45, "axis": "y", "origin": [8, 15.2225, 8]},
			"faces": {
				"north": {"uv": [1.25, 8.625, 1.5, 8.75], "texture": "#0"},
				"east": {"uv": [8.75, 1.375, 8.625, 1.25], "rotation": 180, "texture": "#0"},
				"south": {"uv": [8.625, 1, 8.75, 1.125], "texture": "#0"},
				"west": {"uv": [8.75, 1.25, 8.625, 1.125], "rotation": 180, "texture": "#0"},
				"up": {"uv": [1.25, 8.625, 1.5, 8.75], "texture": "#0"},
				"down": {"uv": [6.75, 8, 6.875, 7.875], "texture": "#0"}
			}
		},
		{
			"from": [10.8, 14.6725, 6.5],
			"to": [11.8, 15.7725, 7.5],
			"rotation": {"angle": 45, "axis": "y", "origin": [8, 15.2225, 8]},
			"faces": {
				"north": {"uv": [1.5, 8.625, 1.25, 8.75], "texture": "#0"},
				"east": {"uv": [8.625, 1.25, 8.75, 1.125], "rotation": 180, "texture": "#0"},
				"south": {"uv": [8.75, 1, 8.625, 1.125], "texture": "#0"},
				"west": {"uv": [8.625, 1.375, 8.75, 1.25], "rotation": 180, "texture": "#0"},
				"up": {"uv": [1.25, 8.625, 1.5, 8.75], "texture": "#0"},
				"down": {"uv": [6.875, 8, 6.75, 7.875], "texture": "#0"}
			}
		},
		{
			"from": [10.8, 14.6725, 7.5],
			"to": [11.8, 15.7725, 8.5],
			"rotation": {"angle": 45, "axis": "y", "origin": [8, 15.2225, 8]},
			"faces": {
				"north": {"uv": [1.5, 8.625, 1.25, 8.75], "texture": "#0"},
				"east": {"uv": [8.625, 1.25, 8.75, 1.125], "rotation": 180, "texture": "#0"},
				"south": {"uv": [8.75, 1, 8.625, 1.125], "texture": "#0"},
				"west": {"uv": [8.625, 1.375, 8.75, 1.25], "rotation": 180, "texture": "#0"},
				"up": {"uv": [1.25, 8.625, 1.5, 8.75], "texture": "#0"},
				"down": {"uv": [6.875, 8, 6.75, 7.875], "texture": "#0"}
			}
		},
		{
			"from": [11.8, 14.6725, 7.5],
			"to": [12.8, 15.7725, 8.5],
			"rotation": {"angle": 45, "axis": "y", "origin": [8, 15.2225, 8]},
			"faces": {
				"north": {"uv": [1.5, 8.625, 1.25, 8.75], "texture": "#0"},
				"east": {"uv": [8.625, 1.25, 8.75, 1.125], "rotation": 180, "texture": "#0"},
				"south": {"uv": [8.75, 1, 8.625, 1.125], "texture": "#0"},
				"west": {"uv": [8.625, 1.375, 8.75, 1.25], "rotation": 180, "texture": "#0"},
				"up": {"uv": [2, 8.625, 2.125, 8.75], "texture": "#0"},
				"down": {"uv": [6.875, 8, 6.75, 7.875], "texture": "#0"}
			}
		},
		{
			"from": [10.8, 14.6725, 8.5],
			"to": [11.8, 15.7725, 9.5],
			"rotation": {"angle": 45, "axis": "y", "origin": [8, 15.2225, 8]},
			"faces": {
				"north": {"uv": [1.5, 8.625, 1.25, 8.75], "texture": "#0"},
				"east": {"uv": [8.625, 1.25, 8.75, 1.125], "rotation": 180, "texture": "#0"},
				"south": {"uv": [8.75, 1, 8.625, 1.125], "texture": "#0"},
				"west": {"uv": [8.625, 1.375, 8.75, 1.25], "rotation": 180, "texture": "#0"},
				"up": {"uv": [1.25, 8.625, 1.5, 8.75], "texture": "#0"},
				"down": {"uv": [6.875, 8, 6.75, 7.875], "texture": "#0"}
			}
		},
		{
			"from": [6.5, 14.6725, 7.5],
			"to": [7.5, 15.7725, 8.5],
			"rotation": {"angle": -45, "axis": "y", "origin": [8, 15.2225, 8]},
			"faces": {
				"north": {"uv": [8.625, 1, 8.75, 1.125], "texture": "#0"},
				"east": {"uv": [8.75, 1.25, 8.625, 1.125], "rotation": 180, "texture": "#0"},
				"south": {"uv": [1.25, 8.625, 1.5, 8.75], "texture": "#0"},
				"west": {"uv": [8.75, 1.375, 8.625, 1.25], "rotation": 180, "texture": "#0"},
				"up": {"uv": [2, 8.125, 2.125, 8.25], "texture": "#0"},
				"down": {"uv": [6.875, 7.875, 6.75, 8], "texture": "#0"}
			}
		},
		{
			"from": [7.5, 14.6725, 6.5],
			"to": [8.5, 15.7725, 7.5],
			"rotation": {"angle": -45, "axis": "y", "origin": [8, 15.2225, 8]},
			"faces": {
				"north": {"uv": [8.625, 1, 8.75, 1.125], "texture": "#0"},
				"east": {"uv": [8.75, 1.25, 8.625, 1.125], "rotation": 180, "texture": "#0"},
				"south": {"uv": [1.25, 8.625, 1.5, 8.75], "texture": "#0"},
				"west": {"uv": [8.75, 1.375, 8.625, 1.25], "rotation": 180, "texture": "#0"},
				"up": {"uv": [2, 8.125, 2.125, 8.25], "texture": "#0"},
				"down": {"uv": [6.875, 7.875, 6.75, 8], "texture": "#0"}
			}
		},
		{
			"from": [7.5, 14.6725, 8.5],
			"to": [8.5, 15.7725, 9.5],
			"rotation": {"angle": -45, "axis": "y", "origin": [8, 15.2225, 8]},
			"faces": {
				"north": {"uv": [8.625, 1, 8.75, 1.125], "texture": "#0"},
				"east": {"uv": [8.75, 1.25, 8.625, 1.125], "rotation": 180, "texture": "#0"},
				"south": {"uv": [1.25, 8.625, 1.5, 8.75], "texture": "#0"},
				"west": {"uv": [8.75, 1.375, 8.625, 1.25], "rotation": 180, "texture": "#0"},
				"up": {"uv": [2, 8.125, 2.125, 8.25], "texture": "#0"},
				"down": {"uv": [6.875, 7.875, 6.75, 8], "texture": "#0"}
			}
		},
		{
			"from": [5.99289, 14.6725, 9.02132],
			"to": [6.99289, 15.7725, 10.02132],
			"rotation": {"angle": 0, "axis": "y", "origin": [7.29289, 15.2225, 10.12132]},
			"faces": {
				"north": {"uv": [8.75, 1.375, 8.625, 1.25], "rotation": 180, "texture": "#0"},
				"east": {"uv": [8.625, 1, 8.75, 1.125], "texture": "#0"},
				"south": {"uv": [8.75, 1.25, 8.625, 1.125], "rotation": 180, "texture": "#0"},
				"west": {"uv": [1.25, 8.625, 1.5, 8.75], "texture": "#0"},
				"up": {"uv": [2, 8.25, 2.125, 8.375], "texture": "#0"},
				"down": {"uv": [6.875, 7.875, 6.75, 8], "rotation": 270, "texture": "#0"}
			}
		},
		{
			"from": [8.99289, 14.6725, 9.02132],
			"to": [9.99289, 15.7725, 10.02132],
			"rotation": {"angle": 0, "axis": "y", "origin": [7.29289, 15.2225, 10.12132]},
			"faces": {
				"north": {"uv": [8.75, 1.375, 8.625, 1.25], "rotation": 180, "texture": "#0"},
				"east": {"uv": [8.625, 1, 8.75, 1.125], "texture": "#0"},
				"south": {"uv": [8.75, 1.25, 8.625, 1.125], "rotation": 180, "texture": "#0"},
				"west": {"uv": [1.25, 8.625, 1.5, 8.75], "texture": "#0"},
				"up": {"uv": [2, 8.25, 2.125, 8.375], "texture": "#0"},
				"down": {"uv": [6.875, 7.875, 6.75, 8], "rotation": 270, "texture": "#0"}
			}
		},
		{
			"from": [8.99289, 14.6725, 5.92132],
			"to": [9.99289, 15.7725, 6.92132],
			"rotation": {"angle": 0, "axis": "y", "origin": [7.29289, 15.2225, 10.12132]},
			"faces": {
				"north": {"uv": [8.75, 1.375, 8.625, 1.25], "rotation": 180, "texture": "#0"},
				"east": {"uv": [8.625, 1, 8.75, 1.125], "texture": "#0"},
				"south": {"uv": [8.75, 1.25, 8.625, 1.125], "rotation": 180, "texture": "#0"},
				"west": {"uv": [1.25, 8.625, 1.5, 8.75], "texture": "#0"},
				"up": {"uv": [2, 8.25, 2.125, 8.375], "texture": "#0"},
				"down": {"uv": [6.875, 7.875, 6.75, 8], "rotation": 270, "texture": "#0"}
			}
		},
		{
			"from": [5.99289, 14.6725, 5.92132],
			"to": [6.99289, 15.7725, 6.92132],
			"rotation": {"angle": 0, "axis": "y", "origin": [7.29289, 15.2225, 10.12132]},
			"faces": {
				"north": {"uv": [8.75, 1.375, 8.625, 1.25], "rotation": 180, "texture": "#0"},
				"east": {"uv": [8.625, 1, 8.75, 1.125], "texture": "#0"},
				"south": {"uv": [8.75, 1.25, 8.625, 1.125], "rotation": 180, "texture": "#0"},
				"west": {"uv": [1.25, 8.625, 1.5, 8.75], "texture": "#0"},
				"up": {"uv": [2, 8.25, 2.125, 8.375], "texture": "#0"},
				"down": {"uv": [6.875, 7.875, 6.75, 8], "rotation": 270, "texture": "#0"}
			}
		},
		{
			"from": [13, 11, 1.3],
			"to": [14, 16, 14.8],
			"rotation": {"angle": 0, "axis": "y", "origin": [4.5, 0, 0]},
			"faces": {
				"north": {"uv": [8.625, 0, 8.75, 0.5], "texture": "#0"},
				"east": {"uv": [1.5, 7.5, 3.125, 8], "texture": "#0"},
				"south": {"uv": [8.625, 0.5, 8.75, 1], "texture": "#0"},
				"west": {"uv": [3.125, 7.5, 4.75, 8], "texture": "#0"},
				"up": {"uv": [4.75, 9.625, 4.625, 8], "texture": "#0"},
				"down": {"uv": [4.875, 8.25, 4.75, 9.875], "texture": "#0"}
			}
		},
		{
			"from": [13, 10, 14.8],
			"to": [14, 15.5, 15.8],
			"rotation": {"angle": -22.5, "axis": "x", "origin": [13.5, 13.25, 14.3]},
			"faces": {
				"north": {"uv": [8.625, 0, 8.75, 0.5], "texture": "#0"},
				"east": {"uv": [1.5, 7.5, 3.125, 8], "texture": "#0"},
				"south": {"uv": [8.625, 0.5, 8.75, 1], "texture": "#0"},
				"west": {"uv": [3.125, 7.5, 4.75, 8], "texture": "#0"},
				"up": {"uv": [4.75, 9.625, 4.625, 8], "texture": "#0"},
				"down": {"uv": [4.875, 8.25, 4.75, 9.875], "texture": "#0"}
			}
		},
		{
			"from": [2, 10, 14.8],
			"to": [3, 15.5, 15.8],
			"rotation": {"angle": -22.5, "axis": "x", "origin": [13.5, 13.25, 14.3]},
			"faces": {
				"north": {"uv": [8.625, 0, 8.75, 0.5], "texture": "#0"},
				"east": {"uv": [1.5, 7.5, 3.125, 8], "texture": "#0"},
				"south": {"uv": [8.625, 0.5, 8.75, 1], "texture": "#0"},
				"west": {"uv": [3.125, 7.5, 4.75, 8], "texture": "#0"},
				"up": {"uv": [4.75, 9.625, 4.625, 8], "texture": "#0"},
				"down": {"uv": [4.875, 8.25, 4.75, 9.875], "texture": "#0"}
			}
		},
		{
			"from": [2, 11, 1.3],
			"to": [3, 16, 14.8],
			"rotation": {"angle": 0, "axis": "y", "origin": [4.5, 0, 0]},
			"faces": {
				"north": {"uv": [1.125, 8.375, 1.25, 8.875], "texture": "#0"},
				"east": {"uv": [7, 6.75, 8.625, 7.25], "texture": "#0"},
				"south": {"uv": [8.5, 8.25, 8.625, 8.75], "texture": "#0"},
				"west": {"uv": [7, 7.25, 8.625, 7.75], "texture": "#0"},
				"up": {"uv": [3, 5.625, 2.875, 4], "texture": "#0"},
				"down": {"uv": [4.625, 8, 4.5, 9.625], "texture": "#0"}
			}
		},
		{
			"from": [-4, 8, 0],
			"to": [20, 11, 16],
			"faces": {
				"north": {"uv": [7, 6, 10, 6.375], "texture": "#0"},
				"east": {"uv": [7, 7.75, 9, 8.125], "texture": "#0"},
				"south": {"uv": [7, 6.375, 10, 6.75], "texture": "#0"},
				"west": {"uv": [4.75, 7.875, 6.75, 8.25], "texture": "#0"},
				"up": {"uv": [3, 2, 0, 0], "texture": "#0"},
				"down": {"uv": [3, 2, 0, 4], "texture": "#0"}
			}
		}
	],
	"display": {
		"thirdperson_righthand": {
			"translation": [0, 1.75, 0],
			"scale": [0.21875, 0.21875, 0.21875]
		},
		"thirdperson_lefthand": {
			"translation": [0, 1.75, 0],
			"scale": [0.21875, 0.21875, 0.21875]
		},
		"firstperson_righthand": {
			"translation": [2, 1.75, 0],
			"scale": [0.21875, 0.21875, 0.21875]
		},
		"firstperson_lefthand": {
			"translation": [2, 1.75, 0],
			"scale": [0.21875, 0.21875, 0.21875]
		},
		"ground": {
			"scale": [0.40039, 0.40039, 0.40039]
		},
		"gui": {
			"rotation": [22.75, -30.5, 0],
			"scale": [0.53125, 0.53125, 0.53125]
		},
		"head": {
			"translation": [0, -30.35, 0],
			"scale": [1.6, 1.6, 1.6]
		},
		"fixed": {
			"rotation": [-90, 0, 0],
			"translation": [0, 0, -13.75],
			"scale": [1.6, 1.6, 1.6]
		}
	}
}