{
	"credit": "By Yassou, mail : yassou.pro.mc@gmail.com",
	"texture_size": [128, 128],
	"textures": {
		"3": "lootcrat_plus:normal/gold_box",
		"particle": "lootcrat_plus:normal/iron_box"
	},
	"elements": [
		{
			"from": [-2, 0, 2],
			"to": [18, 15, 14],
			"faces": {
				"north": {"uv": [3, 3.75, 5.5, 5.625], "texture": "#3"},
				"east": {"uv": [0, 5.875, 1.5, 7.75], "texture": "#3"},
				"south": {"uv": [0, 4, 2.5, 5.875], "texture": "#3"},
				"west": {"uv": [5.5, 6, 7, 7.875], "texture": "#3"},
				"up": {"uv": [8, 4.5, 5.5, 3], "texture": "#3"},
				"down": {"uv": [8, 4.5, 5.5, 6], "texture": "#3"}
			}
		},
		{
			"from": [-4, 0, 0],
			"to": [1, 1, 5],
			"faces": {
				"north": {"uv": [1.5, 7.375, 2.125, 7.5], "texture": "#3"},
				"east": {"uv": [4.75, 7.75, 5.375, 7.875], "texture": "#3"},
				"south": {"uv": [8, 5.875, 8.625, 6], "texture": "#3"},
				"west": {"uv": [8.375, 3.875, 9, 4], "texture": "#3"},
				"up": {"uv": [2.125, 6.5, 1.5, 5.875], "texture": "#3"},
				"down": {"uv": [2.125, 6.5, 1.5, 7.125], "texture": "#3"}
			}
		},
		{
			"from": [-3, 1, 1],
			"to": [0, 8, 4],
			"faces": {
				"north": {"uv": [2.5, 4, 2.875, 4.875], "texture": "#3"},
				"east": {"uv": [2.125, 5.875, 2.5, 6.75], "texture": "#3"},
				"south": {"uv": [1.875, 8, 2.25, 8.875], "texture": "#3"},
				"west": {"uv": [8, 1.875, 8.375, 2.75], "texture": "#3"},
				"up": {"uv": [5.25, 8.625, 4.875, 8.25], "texture": "#3"},
				"down": {"uv": [5.625, 8.25, 5.25, 8.625], "texture": "#3"}
			}
		},
		{
			"from": [-3, 1, 12],
			"to": [0, 8, 15],
			"faces": {
				"north": {"uv": [2.25, 8, 2.625, 8.875], "texture": "#3"},
				"east": {"uv": [2.625, 8, 3, 8.875], "texture": "#3"},
				"south": {"uv": [8, 2.75, 8.375, 3.625], "texture": "#3"},
				"west": {"uv": [3, 8, 3.375, 8.875], "texture": "#3"},
				"up": {"uv": [6, 8.625, 5.625, 8.25], "texture": "#3"},
				"down": {"uv": [6.375, 8.25, 6, 8.625], "texture": "#3"}
			}
		},
		{
			"from": [-4, 0, 11],
			"to": [1, 1, 16],
			"faces": {
				"north": {"uv": [8.375, 4, 9, 4.125], "texture": "#3"},
				"east": {"uv": [8.375, 4.125, 9, 4.25], "texture": "#3"},
				"south": {"uv": [8.375, 4.25, 9, 4.375], "texture": "#3"},
				"west": {"uv": [8.375, 4.375, 9, 4.5], "texture": "#3"},
				"up": {"uv": [0.625, 8.375, 0, 7.75], "texture": "#3"},
				"down": {"uv": [1.25, 7.75, 0.625, 8.375], "texture": "#3"}
			}
		},
		{
			"from": [16, 1, 12],
			"to": [19, 8, 15],
			"faces": {
				"north": {"uv": [3.375, 8, 3.75, 8.875], "texture": "#3"},
				"east": {"uv": [8, 3.625, 8.375, 4.5], "texture": "#3"},
				"south": {"uv": [3.75, 8, 4.125, 8.875], "texture": "#3"},
				"west": {"uv": [4.125, 8, 4.5, 8.875], "texture": "#3"},
				"up": {"uv": [6.75, 8.625, 6.375, 8.25], "texture": "#3"},
				"down": {"uv": [0.375, 8.375, 0, 8.75], "texture": "#3"}
			}
		},
		{
			"from": [15, 0, 11],
			"to": [20, 1, 16],
			"faces": {
				"north": {"uv": [8.375, 4.5, 9, 4.625], "texture": "#3"},
				"east": {"uv": [8.375, 4.625, 9, 4.75], "texture": "#3"},
				"south": {"uv": [8.375, 4.75, 9, 4.875], "texture": "#3"},
				"west": {"uv": [8.375, 4.875, 9, 5], "texture": "#3"},
				"up": {"uv": [8.625, 0.625, 8, 0], "texture": "#3"},
				"down": {"uv": [8.625, 0.625, 8, 1.25], "texture": "#3"}
			}
		},
		{
			"from": [16, 1, 1],
			"to": [19, 8, 4],
			"faces": {
				"north": {"uv": [8, 4.5, 8.375, 5.375], "texture": "#3"},
				"east": {"uv": [6.75, 8.125, 7.125, 9], "texture": "#3"},
				"south": {"uv": [7.125, 8.125, 7.5, 9], "texture": "#3"},
				"west": {"uv": [7.5, 8.125, 7.875, 9], "texture": "#3"},
				"up": {"uv": [0.75, 8.75, 0.375, 8.375], "texture": "#3"},
				"down": {"uv": [1.125, 8.375, 0.75, 8.75], "texture": "#3"}
			}
		},
		{
			"from": [15, 0, 0],
			"to": [20, 1, 5],
			"faces": {
				"north": {"uv": [8.375, 5, 9, 5.125], "texture": "#3"},
				"east": {"uv": [8.375, 5.125, 9, 5.25], "texture": "#3"},
				"south": {"uv": [8.375, 5.25, 9, 5.375], "texture": "#3"},
				"west": {"uv": [8.5, 8.125, 9.125, 8.25], "texture": "#3"},
				"up": {"uv": [1.875, 8.625, 1.25, 8], "texture": "#3"},
				"down": {"uv": [8.625, 1.25, 8, 1.875], "texture": "#3"}
			}
		},
		{
			"from": [5.5, 4, 14],
			"to": [10.5, 8, 16],
			"rotation": {"angle": 0, "axis": "y", "origin": [4.5, 0, 0]},
			"faces": {
				"north": {"uv": [8, 5.375, 8.625, 5.875], "texture": "#3"},
				"east": {"uv": [8.375, 1.875, 8.625, 2.375], "texture": "#3"},
				"south": {"uv": [7.875, 8.125, 8.5, 8.625], "texture": "#3"},
				"west": {"uv": [8.375, 2.375, 8.625, 2.875], "texture": "#3"},
				"up": {"uv": [2.125, 7.375, 1.5, 7.125], "texture": "#3"},
				"down": {"uv": [5.375, 7.5, 4.75, 7.75], "texture": "#3"}
			}
		},
		{
			"from": [6.5, 5, 15],
			"to": [9.5, 9, 17],
			"rotation": {"angle": 0, "axis": "y", "origin": [4.5, 0, 0]},
			"faces": {
				"north": {"uv": [2.5, 4.875, 2.875, 5.375], "texture": "#3"},
				"east": {"uv": [8.375, 2.875, 8.625, 3.375], "texture": "#3"},
				"south": {"uv": [2.125, 6.75, 2.5, 7.25], "texture": "#3"},
				"west": {"uv": [8.375, 3.375, 8.625, 3.875], "texture": "#3"},
				"up": {"uv": [2.875, 5.625, 2.5, 5.375], "texture": "#3"},
				"down": {"uv": [2.5, 7.25, 2.125, 7.5], "texture": "#3"}
			}
		},
		{
			"from": [1.9, 11, 13.6],
			"to": [3.1, 12, 14.6],
			"rotation": {"angle": 0, "axis": "y", "origin": [4.5, 0, 0]},
			"faces": {
				"north": {"uv": [5.375, 7.5, 5.5, 7.625], "texture": "#3"},
				"east": {"uv": [5.375, 7.625, 5.5, 7.75], "texture": "#3"},
				"south": {"uv": [5.375, 7.75, 5.5, 7.875], "texture": "#3"},
				"west": {"uv": [8.625, 1.375, 8.75, 1.5], "texture": "#3"},
				"up": {"uv": [1.625, 8.75, 1.5, 8.625], "texture": "#3"},
				"down": {"uv": [8.75, 1.5, 8.625, 1.625], "texture": "#3"}
			}
		},
		{
			"from": [12.9, 11, 13.6],
			"to": [14.1, 12, 14.6],
			"rotation": {"angle": 0, "axis": "y", "origin": [4.5, 0, 0]},
			"faces": {
				"north": {"uv": [1.625, 8.625, 1.75, 8.75], "texture": "#3"},
				"east": {"uv": [8.625, 1.625, 8.75, 1.75], "texture": "#3"},
				"south": {"uv": [1.75, 8.625, 1.875, 8.75], "texture": "#3"},
				"west": {"uv": [8.625, 1.75, 8.75, 1.875], "texture": "#3"},
				"up": {"uv": [8.75, 2, 8.625, 1.875], "texture": "#3"},
				"down": {"uv": [8.75, 2, 8.625, 2.125], "texture": "#3"}
			}
		},
		{
			"from": [6.8, 14.4, 7.5],
			"to": [9.1, 15.4, 9.6],
			"rotation": {"angle": 0, "axis": "y", "origin": [4.5, 0, 0]},
			"faces": {
				"north": {"uv": [8.625, 1, 8.875, 1.125], "texture": "#3"},
				"east": {"uv": [8.625, 1.125, 8.875, 1.25], "texture": "#3"},
				"south": {"uv": [1.25, 8.625, 1.5, 8.75], "texture": "#3"},
				"west": {"uv": [8.625, 1.25, 8.875, 1.375], "texture": "#3"},
				"up": {"uv": [1.5, 8, 1.25, 7.75], "texture": "#3"},
				"down": {"uv": [7, 7.875, 6.75, 8.125], "texture": "#3"}
			}
		},
		{
			"from": [13, 11, 1.8],
			"to": [14, 15.2, 14.3],
			"rotation": {"angle": 0, "axis": "y", "origin": [4.5, 0, 0]},
			"faces": {
				"north": {"uv": [8.625, 0, 8.75, 0.5], "texture": "#3"},
				"east": {"uv": [1.5, 7.5, 3.125, 8], "texture": "#3"},
				"south": {"uv": [8.625, 0.5, 8.75, 1], "texture": "#3"},
				"west": {"uv": [3.125, 7.5, 4.75, 8], "texture": "#3"},
				"up": {"uv": [4.75, 9.625, 4.625, 8], "texture": "#3"},
				"down": {"uv": [4.875, 8.25, 4.75, 9.875], "texture": "#3"}
			}
		},
		{
			"from": [2, 11, 1.8],
			"to": [3, 15.2, 14.3],
			"rotation": {"angle": 0, "axis": "y", "origin": [4.5, 0, 0]},
			"faces": {
				"north": {"uv": [1.125, 8.375, 1.25, 8.875], "texture": "#3"},
				"east": {"uv": [7, 6.75, 8.625, 7.25], "texture": "#3"},
				"south": {"uv": [8.5, 8.25, 8.625, 8.75], "texture": "#3"},
				"west": {"uv": [7, 7.25, 8.625, 7.75], "texture": "#3"},
				"up": {"uv": [3, 5.625, 2.875, 4], "texture": "#3"},
				"down": {"uv": [4.625, 8, 4.5, 9.625], "texture": "#3"}
			}
		},
		{
			"from": [-4, 8, 0],
			"to": [20, 11, 16],
			"faces": {
				"north": {"uv": [7, 6, 10, 6.375], "texture": "#3"},
				"east": {"uv": [7, 7.75, 9, 8.125], "texture": "#3"},
				"south": {"uv": [7, 6.375, 10, 6.75], "texture": "#3"},
				"west": {"uv": [4.75, 7.875, 6.75, 8.25], "texture": "#3"},
				"up": {"uv": [3, 2, 0, 0], "texture": "#3"},
				"down": {"uv": [3, 2, 0, 4], "texture": "#3"}
			}
		}
	],
	"display": {
		"thirdperson_righthand": {
			"translation": [0, 1.75, 0],
			"scale": [0.21875, 0.21875, 0.21875]
		},
		"thirdperson_lefthand": {
			"translation": [0, 1.75, 0],
			"scale": [0.21875, 0.21875, 0.21875]
		},
		"firstperson_righthand": {
			"translation": [2, 1.75, 0],
			"scale": [0.21875, 0.21875, 0.21875]
		},
		"firstperson_lefthand": {
			"translation": [2, 1.75, 0],
			"scale": [0.21875, 0.21875, 0.21875]
		},
		"ground": {
			"scale": [0.40039, 0.40039, 0.40039]
		},
		"gui": {
			"rotation": [22.75, -30.5, 0],
			"scale": [0.53125, 0.53125, 0.53125]
		},
		"head": {
			"translation": [0, -30.35, 0],
			"scale": [1.6, 1.6, 1.6]
		},
		"fixed": {
			"rotation": [-90, 0, 0],
			"translation": [0, 0, -13.75],
			"scale": [1.6, 1.6, 1.6]
		}
	}
}